Workbook

Sheet 전체 통계
B2: 250918 | K2: 250918 | Q2: 공랭변화 | R2: 250918 | S2: 250929 | T2: 251006 | U2: 비고
B3: 상삼주 | C3: in600 | D3: in400 | E3: in200 | F3: in100 | G3: in50 | K3: 동맹 | L3: 전체분포 | M3: in140분포 | P3: 1 | Q3: 출항의날 | R3: =VLOOKUP('전체 통계'!$Q3,'하삼주(250918)'!$A$2:$D$315,3, FALSE) -> 7 | S3: =VLOOKUP('전체 통계'!$Q3,'하삼주 (250929)'!$A$2:$D$318,3, FALSE) -> 6 | T3: =VLOOKUP('전체 통계'!$Q3,'하삼주 (251006)'!$A$2:$D$313,3, FALSE) -> 5
B4: 잠룡 | C4: 191 | D4: 165 | E4: 117 | F4: 74 | G4: 41 | K4: 무명 | L4: 155 | M4: 90 | P4: 2 | Q4: 凵너구리 | R4: =VLOOKUP('전체 통계'!$Q4,'하삼주(250918)'!$A$2:$D$315,3, FALSE) -> 21 | S4: =VLOOKUP('전체 통계'!$Q4,'하삼주 (250929)'!$A$2:$D$318,3, FALSE) -> 12 | T4: =VLOOKUP('전체 통계'!$Q4,'하삼주 (251006)'!$A$2:$D$313,3, FALSE) -> 11
B5: 아이돌 | C5: 77 | D5: 34 | E5: 7 | F5: 2 | G5: 0 | K5: 혁명군 | L5: 115 | M5: 44 | P5: 3 | Q5: 必블리파파 | R5: =VLOOKUP('전체 통계'!$Q5,'하삼주(250918)'!$A$2:$D$315,3, FALSE) -> 11 | S5: =VLOOKUP('전체 통계'!$Q5,'하삼주 (250929)'!$A$2:$D$318,3, FALSE) -> 10 | T5: =VLOOKUP('전체 통계'!$Q5,'하삼주 (251006)'!$A$2:$D$313,3, FALSE) -> 13
B6: 협동조합 | C6: 12 | D6: 1 | E6: 0 | F6: 0 | G6: 0 | K6: 관중제장 | L6: 44 | M6: 6 | P6: 4 | Q6: 퍼플주에고 | R6: =VLOOKUP('전체 통계'!$Q6,'하삼주(250918)'!$A$2:$D$315,3, FALSE) -> 22 | S6: =VLOOKUP('전체 통계'!$Q6,'하삼주 (250929)'!$A$2:$D$318,3, FALSE) -> 19 | T6: =VLOOKUP('전체 통계'!$Q6,'하삼주 (251006)'!$A$2:$D$313,3, FALSE) -> 14
B7: 노동조합 | C7: 0 | D7: 0 | E7: 0 | F7: 0 | G7: 0 | K7: 250929 | P7: 5 | Q7: 흰밤 | R7: =VLOOKUP('전체 통계'!$Q7,'하삼주(250918)'!$A$2:$D$315,3, FALSE) -> 12 | S7: =VLOOKUP('전체 통계'!$Q7,'하삼주 (250929)'!$A$2:$D$318,3, FALSE) -> 14 | T7: =VLOOKUP('전체 통계'!$Q7,'하삼주 (251006)'!$A$2:$D$313,3, FALSE) -> 15
B8: 계 | C8: 280 | D8: 200 | E8: 124 | F8: 76 | G8: 41 | K8: 동맹 | L8: 전체분포 | M8: in140분포 | P8: 6 | Q8: 必비트핑 | R8: =VLOOKUP('전체 통계'!$Q8,'하삼주(250918)'!$A$2:$D$315,3, FALSE) -> 35 | S8: =VLOOKUP('전체 통계'!$Q8,'하삼주 (250929)'!$A$2:$D$318,3, FALSE) -> 20 | T8: =VLOOKUP('전체 통계'!$Q8,'하삼주 (251006)'!$A$2:$D$313,3, FALSE) -> 18
B9: 하삼주 | C9: in600 | D9: in400 | E9: in200 | F9: in100 | G9: in50 | K9: 무명 | L9: 150 | M9: 79 | P9: 7 | Q9: 컬러단장용스 | R9: =VLOOKUP('전체 통계'!$Q9,'하삼주(250918)'!$A$2:$D$315,3, FALSE) -> 30 | S9: =VLOOKUP('전체 통계'!$Q9,'하삼주 (250929)'!$A$2:$D$318,3, FALSE) -> 36 | T9: =VLOOKUP('전체 통계'!$Q9,'하삼주 (251006)'!$A$2:$D$313,3, FALSE) -> 32
B10: 무명 | C10: 155 | D10: 113 | E10: 52 | F10: 21 | G10: 9 | K10: 혁명군 | L10: 117 | M10: 54 | P10: 8 | Q10: 이직 | R10: =VLOOKUP('전체 통계'!$Q10,'하삼주(250918)'!$A$2:$D$315,3, FALSE) -> 44 | S10: =VLOOKUP('전체 통계'!$Q10,'하삼주 (250929)'!$A$2:$D$318,3, FALSE) -> 46 | T10: =VLOOKUP('전체 통계'!$Q10,'하삼주 (251006)'!$A$2:$D$313,3, FALSE) -> 38
B11: 혁명군 | C11: 115 | D11: 70 | E11: 23 | F11: 3 | G11: 0 | K11: 관중제장 | L11: 44 | M11: 7 | P11: 9 | Q11: SKELTON | R11: =VLOOKUP('전체 통계'!$Q11,'하삼주(250918)'!$A$2:$D$315,3, FALSE) -> 59 | S11: =VLOOKUP('전체 통계'!$Q11,'하삼주 (250929)'!$A$2:$D$318,3, FALSE) -> 45 | T11: =VLOOKUP('전체 통계'!$Q11,'하삼주 (251006)'!$A$2:$D$313,3, FALSE) -> 43
B12: 관중제장 | C12: 44 | D12: 15 | E12: 1 | F12: 0 | G12: 0 | K12: 251006 | P12: 10 | Q12: 羊양제 | R12: =VLOOKUP('전체 통계'!$Q12,'하삼주(250918)'!$A$2:$D$315,3, FALSE) -> 55 | S12: =VLOOKUP('전체 통계'!$Q12,'하삼주 (250929)'!$A$2:$D$318,3, FALSE) -> 58 | T12: =VLOOKUP('전체 통계'!$Q12,'하삼주 (251006)'!$A$2:$D$313,3, FALSE) -> 48
B13: 귀농단 | C13: 5 | D13: 2 | E13: 0 | F13: 0 | G13: 0 | K13: 동맹 | L13: 전체분포 | M13: in140분포 | P13: 11 | Q13: 羊마산동탁 | R13: =VLOOKUP('전체 통계'!$Q13,'하삼주(250918)'!$A$2:$D$315,3, FALSE) -> 61 | S13: =VLOOKUP('전체 통계'!$Q13,'하삼주 (250929)'!$A$2:$D$318,3, FALSE) -> 53 | T13: =VLOOKUP('전체 통계'!$Q13,'하삼주 (251006)'!$A$2:$D$313,3, FALSE) -> 50
B14: 계 | C14: 319 | D14: 200 | E14: 76 | F14: 24 | G14: 9 | K14: 무명 | L14: 146 | M14: 82 | P14: 12 | Q14: 爛추노꾼 | R14: =VLOOKUP('전체 통계'!$Q14,'하삼주(250918)'!$A$2:$D$315,3, FALSE) -> 47 | S14: =VLOOKUP('전체 통계'!$Q14,'하삼주 (250929)'!$A$2:$D$318,3, FALSE) -> 63 | T14: =VLOOKUP('전체 통계'!$Q14,'하삼주 (251006)'!$A$2:$D$313,3, FALSE) -> 65
B15: 250929 | K15: 혁명군 | L15: 120 | M15: 52 | P15: 13 | Q15: 必우마이봉 | R15: =VLOOKUP('전체 통계'!$Q15,'하삼주(250918)'!$A$2:$D$315,3, FALSE) -> 67 | S15: =VLOOKUP('전체 통계'!$Q15,'하삼주 (250929)'!$A$2:$D$318,3, FALSE) -> 71 | T15: =VLOOKUP('전체 통계'!$Q15,'하삼주 (251006)'!$A$2:$D$313,3, FALSE) -> 71
B16: 상삼주 | C16: in600 | D16: in400 | E16: in200 | F16: in100 | G16: in50 | K16: 관중제장 | L16: 41 | M16: 6 | P16: 16 | Q16: 羊고광렬 | R16: =VLOOKUP('전체 통계'!$Q18,'하삼주(250918)'!$A$2:$D$315,3, FALSE) -> 90 | S16: =VLOOKUP('전체 통계'!$Q18,'하삼주 (250929)'!$A$2:$D$318,3, FALSE) -> 77 | T16: =VLOOKUP('전체 통계'!$Q18,'하삼주 (251006)'!$A$2:$D$313,3, FALSE) -> 75
B17: 잠룡 | C17: 187 | D17: 161 | E17: 113 | F17: 68 | G17: 38 | P17: 14 | Q17: 必리나니 | R17: =VLOOKUP('전체 통계'!$Q16,'하삼주(250918)'!$A$2:$D$315,3, FALSE) -> 92 | S17: =VLOOKUP('전체 통계'!$Q16,'하삼주 (250929)'!$A$2:$D$318,3, FALSE) -> 86 | T17: =VLOOKUP('전체 통계'!$Q16,'하삼주 (251006)'!$A$2:$D$313,3, FALSE) -> 73
B18: 아이돌 | C18: 78 | D18: 41 | E18: 8 | F18: 3 | G18: 0 | P18: 15 | Q18: 凵진라면 | R18: =VLOOKUP('전체 통계'!$Q17,'하삼주(250918)'!$A$2:$D$315,3, FALSE) -> 62 | S18: =VLOOKUP('전체 통계'!$Q17,'하삼주 (250929)'!$A$2:$D$318,3, FALSE) -> 73 | T18: =VLOOKUP('전체 통계'!$Q17,'하삼주 (251006)'!$A$2:$D$313,3, FALSE) -> 74
B19: 협동조합 | C19: 17 | D19: 4 | E19: 0 | F19: 0 | G19: 0 | P19: 17 | Q19: 必비숍 | R19: =VLOOKUP('전체 통계'!$Q19,'하삼주(250918)'!$A$2:$D$315,3, FALSE) -> 111 | S19: =VLOOKUP('전체 통계'!$Q19,'하삼주 (250929)'!$A$2:$D$318,3, FALSE) -> 88 | T19: =VLOOKUP('전체 통계'!$Q19,'하삼주 (251006)'!$A$2:$D$313,3, FALSE) -> 76
B20: 노동조합 | C20: 1 | D20: 0 | E20: 0 | F20: 0 | G20: 0 | P20: 18 | Q20: 羊이정재 | R20: =VLOOKUP('전체 통계'!$Q20,'하삼주(250918)'!$A$2:$D$315,3, FALSE) -> 79 | S20: =VLOOKUP('전체 통계'!$Q20,'하삼주 (250929)'!$A$2:$D$318,3, FALSE) -> 76 | T20: =VLOOKUP('전체 통계'!$Q20,'하삼주 (251006)'!$A$2:$D$313,3, FALSE) -> 78
B21: 계 | C21: 283 | D21: 206 | E21: 121 | F21: 71 | G21: 38 | P21: 19 | Q21: 실직 | R21: =VLOOKUP('전체 통계'!$Q21,'하삼주(250918)'!$A$2:$D$315,3, FALSE) -> 68 | S21: =VLOOKUP('전체 통계'!$Q21,'하삼주 (250929)'!$A$2:$D$318,3, FALSE) -> 99 | T21: =VLOOKUP('전체 통계'!$Q21,'하삼주 (251006)'!$A$2:$D$313,3, FALSE) -> 101 | U21: 하락
B22: 하삼주 | C22: in600 | D22: in400 | E22: in200 | F22: in100 | G22: in50 | P22: 20 | Q22: 必써너 | R22: =VLOOKUP('전체 통계'!$Q22,'하삼주(250918)'!$A$2:$D$315,3, FALSE) -> 144 | S22: =VLOOKUP('전체 통계'!$Q22,'하삼주 (250929)'!$A$2:$D$318,3, FALSE) -> 134 | T22: =VLOOKUP('전체 통계'!$Q22,'하삼주 (251006)'!$A$2:$D$313,3, FALSE) -> 105
B23: 무명 | C23: 150 | D23: 107 | E23: 49 | F23: 20 | G23: 9 | P23: 21 | Q23: 羊현묘 | R23: =VLOOKUP('전체 통계'!$Q23,'하삼주(250918)'!$A$2:$D$315,3, FALSE) -> 85 | S23: =VLOOKUP('전체 통계'!$Q23,'하삼주 (250929)'!$A$2:$D$318,3, FALSE) -> 102 | T23: =VLOOKUP('전체 통계'!$Q23,'하삼주 (251006)'!$A$2:$D$313,3, FALSE) -> 111 | U23: 하락
B24: 혁명군 | C24: 117 | D24: 73 | E24: 27 | F24: 9 | G24: 3 | P24: 22 | Q24: 마룡의숲 | R24: =VLOOKUP('전체 통계'!$Q24,'하삼주(250918)'!$A$2:$D$315,3, FALSE) -> 82 | S24: =VLOOKUP('전체 통계'!$Q24,'하삼주 (250929)'!$A$2:$D$318,3, FALSE) -> 109 | T24: =VLOOKUP('전체 통계'!$Q24,'하삼주 (251006)'!$A$2:$D$313,3, FALSE) -> 121 | U24: 하락
B25: 관중제장 | C25: 44 | D25: 13 | E25: 3 | F25: 0 | G25: 0 | P25: 23 | Q25: 풍악의날 | R25: =VLOOKUP('전체 통계'!$Q25,'하삼주(250918)'!$A$2:$D$315,3, FALSE) -> 153 | S25: =VLOOKUP('전체 통계'!$Q25,'하삼주 (250929)'!$A$2:$D$318,3, FALSE) -> 145 | T25: =VLOOKUP('전체 통계'!$Q25,'하삼주 (251006)'!$A$2:$D$313,3, FALSE) -> 124
B26: 귀농단 | C26: 6 | D26: 1 | E26: 0 | F26: 0 | G26: 0 | P26: 24 | Q26: 너에게날 | R26: =VLOOKUP('전체 통계'!$Q26,'하삼주(250918)'!$A$2:$D$315,3, FALSE) -> 211 | S26: =VLOOKUP('전체 통계'!$Q26,'하삼주 (250929)'!$A$2:$D$318,3, FALSE) -> 143 | T26: =VLOOKUP('전체 통계'!$Q26,'하삼주 (251006)'!$A$2:$D$313,3, FALSE) -> 128 | U26: 범인
B27: 계 | C27: 317 | D27: 194 | E27: 79 | F27: 29 | G27: 12 | P27: 25 | Q27: 必폭주비비 | R27: =VLOOKUP('전체 통계'!$Q27,'하삼주(250918)'!$A$2:$D$315,3, FALSE) -> 123 | S27: =VLOOKUP('전체 통계'!$Q27,'하삼주 (250929)'!$A$2:$D$318,3, FALSE) -> 132 | T27: =VLOOKUP('전체 통계'!$Q27,'하삼주 (251006)'!$A$2:$D$313,3, FALSE) -> 132
B28: 251006 | P28: 26 | Q28: 羊서량철기 | R28: =VLOOKUP('전체 통계'!$Q28,'하삼주(250918)'!$A$2:$D$315,3, FALSE) -> 115 | S28: =VLOOKUP('전체 통계'!$Q28,'하삼주 (250929)'!$A$2:$D$318,3, FALSE) -> 146 | T28: =VLOOKUP('전체 통계'!$Q28,'하삼주 (251006)'!$A$2:$D$313,3, FALSE) -> 137
B29: 상삼주 | C29: in600 | D29: in400 | E29: in200 | F29: in100 | G29: in50 | P29: 29 | Q29: 必억까 | R29: =VLOOKUP('전체 통계'!$Q31,'하삼주(250918)'!$A$2:$D$315,3, FALSE) -> 158 | S29: =VLOOKUP('전체 통계'!$Q31,'하삼주 (250929)'!$A$2:$D$318,3, FALSE) -> 153 | T29: =VLOOKUP('전체 통계'!$Q31,'하삼주 (251006)'!$A$2:$D$313,3, FALSE) -> 150 | U29: 하락
B30: 잠룡 | C30: 188 | D30: 162 | E30: 116 | F30: 68 | G30: 35 | P30: 28 | Q30: 必무이 | R30: =VLOOKUP('전체 통계'!$Q30,'하삼주(250918)'!$A$2:$D$315,3, FALSE) -> 170 | S30: =VLOOKUP('전체 통계'!$Q30,'하삼주 (250929)'!$A$2:$D$318,3, FALSE) -> 148 | T30: =VLOOKUP('전체 통계'!$Q30,'하삼주 (251006)'!$A$2:$D$313,3, FALSE) -> 146
B31: 아이돌 | C31: 80 | D31: 43 | E31: 9 | F31: 3 | G31: 1 | P31: 27 | Q31: 爛해병 | R31: =VLOOKUP('전체 통계'!$Q29,'하삼주(250918)'!$A$2:$D$315,3, FALSE) -> 87 | S31: =VLOOKUP('전체 통계'!$Q29,'하삼주 (250929)'!$A$2:$D$318,3, FALSE) -> 91 | T31: =VLOOKUP('전체 통계'!$Q29,'하삼주 (251006)'!$A$2:$D$313,3, FALSE) -> 142
B32: 협동조합 | C32: 19 | D32: 4 | E32: 0 | F32: 0 | G32: 0 | P32: 30 | Q32: 必보이쓰피싱 | R32: =VLOOKUP('전체 통계'!$Q32,'하삼주(250918)'!$A$2:$D$315,3, FALSE) -> 201 | S32: =VLOOKUP('전체 통계'!$Q32,'하삼주 (250929)'!$A$2:$D$318,3, FALSE) -> 171 | T32: =VLOOKUP('전체 통계'!$Q32,'하삼주 (251006)'!$A$2:$D$313,3, FALSE) -> 151
B33: 노동조합 | C33: 1 | D33: 0 | E33: 0 | F33: 0 | G33: 0 | P33: 31 | Q33: 싸나이흑운 | R33: =VLOOKUP('전체 통계'!$Q33,'하삼주(250918)'!$A$2:$D$315,3, FALSE) -> 132 | S33: =VLOOKUP('전체 통계'!$Q33,'하삼주 (250929)'!$A$2:$D$318,3, FALSE) -> 147 | T33: =VLOOKUP('전체 통계'!$Q33,'하삼주 (251006)'!$A$2:$D$313,3, FALSE) -> 153
B34: 계 | C34: 288 | D34: 209 | E34: 125 | F34: 71 | G34: 36 | P34: 32 | Q34: 폭우의날 | R34: =VLOOKUP('전체 통계'!$Q34,'하삼주(250918)'!$A$2:$D$315,3, FALSE) -> 192 | S34: =VLOOKUP('전체 통계'!$Q34,'하삼주 (250929)'!$A$2:$D$318,3, FALSE) -> 154 | T34: =VLOOKUP('전체 통계'!$Q34,'하삼주 (251006)'!$A$2:$D$313,3, FALSE) -> 156
B35: 하삼주 | C35: in600 | D35: in400 | E35: in200 | F35: in100 | G35: in50 | P35: 33 | Q35: 羊농민 | R35: =VLOOKUP('전체 통계'!$Q35,'하삼주(250918)'!$A$2:$D$315,3, FALSE) -> 137 | S35: =VLOOKUP('전체 통계'!$Q35,'하삼주 (250929)'!$A$2:$D$318,3, FALSE) -> 173 | T35: =VLOOKUP('전체 통계'!$Q35,'하삼주 (251006)'!$A$2:$D$313,3, FALSE) -> 159
B36: 무명 | C36: 146 | D36: 106 | E36: 48 | F36: 18 | G36: 11 | P36: 34 | Q36: 爛밤 | R36: =VLOOKUP('전체 통계'!$Q36,'하삼주(250918)'!$A$2:$D$315,3, FALSE) -> 126 | S36: =VLOOKUP('전체 통계'!$Q36,'하삼주 (250929)'!$A$2:$D$318,3, FALSE) -> 151 | T36: =VLOOKUP('전체 통계'!$Q36,'하삼주 (251006)'!$A$2:$D$313,3, FALSE) -> 161 | U36: 하락
B37: 혁명군 | C37: 120 | D37: 72 | E37: 25 | F37: 11 | G37: 3 | P37: 36 | Q37: 必귀살대 | R37: =VLOOKUP('전체 통계'!$Q38,'하삼주(250918)'!$A$2:$D$315,3, FALSE) -> 146 | S37: =VLOOKUP('전체 통계'!$Q38,'하삼주 (250929)'!$A$2:$D$318,3, FALSE) -> 169 | T37: =VLOOKUP('전체 통계'!$Q38,'하삼주 (251006)'!$A$2:$D$313,3, FALSE) -> 169
B38: 관중제장 | C38: 41 | D38: 12 | E38: 2 | F38: 0 | G38: 0 | P38: 35 | Q38: 헁기싫어 | R38: =VLOOKUP('전체 통계'!$Q37,'하삼주(250918)'!$A$2:$D$315,3, FALSE) -> 166 | S38: =VLOOKUP('전체 통계'!$Q37,'하삼주 (250929)'!$A$2:$D$318,3, FALSE) -> 178 | T38: =VLOOKUP('전체 통계'!$Q37,'하삼주 (251006)'!$A$2:$D$313,3, FALSE) -> 167
B39: 귀농단 | C39: 5 | D39: 1 | E39: 0 | F39: 0 | G39: 0 | P39: 37 | Q39: 주님곁으로 | R39: =VLOOKUP('전체 통계'!$Q39,'하삼주(250918)'!$A$2:$D$315,3, FALSE) -> 220 | S39: =VLOOKUP('전체 통계'!$Q39,'하삼주 (250929)'!$A$2:$D$318,3, FALSE) -> 172 | T39: =VLOOKUP('전체 통계'!$Q39,'하삼주 (251006)'!$A$2:$D$313,3, FALSE) -> 170
B40: 계 | C40: 312 | D40: 191 | E40: 75 | F40: 29 | G40: 14 | P40: 38 | Q40: 기파랑해 | R40: =VLOOKUP('전체 통계'!$Q40,'하삼주(250918)'!$A$2:$D$315,3, FALSE) -> 206 | S40: =VLOOKUP('전체 통계'!$Q40,'하삼주 (250929)'!$A$2:$D$318,3, FALSE) -> 192 | T40: =VLOOKUP('전체 통계'!$Q40,'하삼주 (251006)'!$A$2:$D$313,3, FALSE) -> 172
P41: 39 | Q41: 羊알부장 | R41: =VLOOKUP('전체 통계'!$Q41,'하삼주(250918)'!$A$2:$D$315,3, FALSE) -> 163 | S41: =VLOOKUP('전체 통계'!$Q41,'하삼주 (250929)'!$A$2:$D$318,3, FALSE) -> 175 | T41: =VLOOKUP('전체 통계'!$Q41,'하삼주 (251006)'!$A$2:$D$313,3, FALSE) -> 174
P42: 40 | Q42: 羊관우 | R42: =VLOOKUP('전체 통계'!$Q42,'하삼주(250918)'!$A$2:$D$315,3, FALSE) -> 196 | S42: =VLOOKUP('전체 통계'!$Q42,'하삼주 (250929)'!$A$2:$D$318,3, FALSE) -> 200 | T42: =VLOOKUP('전체 통계'!$Q42,'하삼주 (251006)'!$A$2:$D$313,3, FALSE) -> 175
P43: 41 | Q43: 羊열하 | R43: =VLOOKUP('전체 통계'!$Q43,'하삼주(250918)'!$A$2:$D$315,3, FALSE) -> 179 | S43: =VLOOKUP('전체 통계'!$Q43,'하삼주 (250929)'!$A$2:$D$318,3, FALSE) -> 189 | T43: =VLOOKUP('전체 통계'!$Q43,'하삼주 (251006)'!$A$2:$D$313,3, FALSE) -> 183
P44: 43 | Q44: 必청설 | R44: =VLOOKUP('전체 통계'!$Q45,'하삼주(250918)'!$A$2:$D$315,3, FALSE) -> 134 | S44: =VLOOKUP('전체 통계'!$Q45,'하삼주 (250929)'!$A$2:$D$318,3, FALSE) -> 184 | T44: =VLOOKUP('전체 통계'!$Q45,'하삼주 (251006)'!$A$2:$D$313,3, FALSE) -> 190
P45: 44 | Q45: 흰밥 | R45: =VLOOKUP('전체 통계'!$Q46,'하삼주(250918)'!$A$2:$D$315,3, FALSE) -> 175 | S45: =VLOOKUP('전체 통계'!$Q46,'하삼주 (250929)'!$A$2:$D$318,3, FALSE) -> 186 | T45: =VLOOKUP('전체 통계'!$Q46,'하삼주 (251006)'!$A$2:$D$313,3, FALSE) -> 193
P46: 48 | Q46: 羊마속 | R46: =VLOOKUP('전체 통계'!$Q50,'하삼주(250918)'!$A$2:$D$315,3, FALSE) -> 174 | S46: =VLOOKUP('전체 통계'!$Q50,'하삼주 (250929)'!$A$2:$D$318,3, FALSE) -> 198 | T46: =VLOOKUP('전체 통계'!$Q50,'하삼주 (251006)'!$A$2:$D$313,3, FALSE) -> 197
P47: 45 | Q47: 미아핑 | R47: =VLOOKUP('전체 통계'!$Q47,'하삼주(250918)'!$A$2:$D$315,3, FALSE) -> 183 | S47: =VLOOKUP('전체 통계'!$Q47,'하삼주 (250929)'!$A$2:$D$318,3, FALSE) -> 211 | T47: =VLOOKUP('전체 통계'!$Q47,'하삼주 (251006)'!$A$2:$D$313,3, FALSE) -> 194
P48: 50 | Q48: 최경주 | R48: =VLOOKUP('전체 통계'!$Q52,'하삼주(250918)'!$A$2:$D$315,3, FALSE) -> 177 | S48: =VLOOKUP('전체 통계'!$Q52,'하삼주 (250929)'!$A$2:$D$318,3, FALSE) -> 179 | T48: =VLOOKUP('전체 통계'!$Q52,'하삼주 (251006)'!$A$2:$D$313,3, FALSE) -> 204
P49: 42 | Q49: 어른이날 | R49: =VLOOKUP('전체 통계'!$Q44,'하삼주(250918)'!$A$2:$D$315,3, FALSE) -> 133 | S49: =VLOOKUP('전체 통계'!$Q44,'하삼주 (250929)'!$A$2:$D$318,3, FALSE) -> 174 | T49: =VLOOKUP('전체 통계'!$Q44,'하삼주 (251006)'!$A$2:$D$313,3, FALSE) -> 187
P50: 47 | Q50: Ak동 | R50: =VLOOKUP('전체 통계'!$Q49,'하삼주(250918)'!$A$2:$D$315,3, FALSE) -> 194 | S50: =VLOOKUP('전체 통계'!$Q49,'하삼주 (250929)'!$A$2:$D$318,3, FALSE) -> 195 | T50: =VLOOKUP('전체 통계'!$Q49,'하삼주 (251006)'!$A$2:$D$313,3, FALSE) -> 196
P51: 46 | Q51: 必리미 | R51: =VLOOKUP('전체 통계'!$Q48,'하삼주(250918)'!$A$2:$D$315,3, FALSE) -> 169 | S51: =VLOOKUP('전체 통계'!$Q48,'하삼주 (250929)'!$A$2:$D$318,3, FALSE) -> 191 | T51: =VLOOKUP('전체 통계'!$Q48,'하삼주 (251006)'!$A$2:$D$313,3, FALSE) -> 195
P52: 49 | Q52: 눈오는날 | R52: =VLOOKUP('전체 통계'!$Q51,'하삼주(250918)'!$A$2:$D$315,3, FALSE) -> 241 | S52: =VLOOKUP('전체 통계'!$Q51,'하삼주 (250929)'!$A$2:$D$318,3, FALSE) -> 216 | T52: =VLOOKUP('전체 통계'!$Q51,'하삼주 (251006)'!$A$2:$D$313,3, FALSE) -> 202
P53: 54 | Q53: sp슈손능 | R53: =VLOOKUP('전체 통계'!$Q56,'하삼주(250918)'!$A$2:$D$315,3, FALSE) -> 215 | S53: =VLOOKUP('전체 통계'!$Q56,'하삼주 (250929)'!$A$2:$D$318,3, FALSE) -> 224 | T53: =VLOOKUP('전체 통계'!$Q56,'하삼주 (251006)'!$A$2:$D$313,3, FALSE) -> 212
P54: 52 | Q54: 와상이 | R54: =VLOOKUP('전체 통계'!$Q54,'하삼주(250918)'!$A$2:$D$315,3, FALSE) -> 207 | S54: =VLOOKUP('전체 통계'!$Q54,'하삼주 (250929)'!$A$2:$D$318,3, FALSE) -> 215 | T54: =VLOOKUP('전체 통계'!$Q54,'하삼주 (251006)'!$A$2:$D$313,3, FALSE) -> 210
P55: 51 | Q55: 羊커리 | R55: =VLOOKUP('전체 통계'!$Q53,'하삼주(250918)'!$A$2:$D$315,3, FALSE) -> 157 | S55: =VLOOKUP('전체 통계'!$Q53,'하삼주 (250929)'!$A$2:$D$318,3, FALSE) -> 210 | T55: =VLOOKUP('전체 통계'!$Q53,'하삼주 (251006)'!$A$2:$D$313,3, FALSE) -> 205
P56: 53 | Q56: 바나나 | R56: =VLOOKUP('전체 통계'!$Q55,'하삼주(250918)'!$A$2:$D$315,3, FALSE) -> 152 | S56: =VLOOKUP('전체 통계'!$Q55,'하삼주 (250929)'!$A$2:$D$318,3, FALSE) -> 217 | T56: =VLOOKUP('전체 통계'!$Q55,'하삼주 (251006)'!$A$2:$D$313,3, FALSE) -> 211
P57: 56 | Q57: 羊수학 | R57: =VLOOKUP('전체 통계'!$Q58,'하삼주(250918)'!$A$2:$D$315,3, FALSE) -> 151 | S57: =VLOOKUP('전체 통계'!$Q58,'하삼주 (250929)'!$A$2:$D$318,3, FALSE) -> 204 | T57: =VLOOKUP('전체 통계'!$Q58,'하삼주 (251006)'!$A$2:$D$313,3, FALSE) -> 218
P58: 57 | Q58: 必인삼 | R58: =VLOOKUP('전체 통계'!$Q59,'하삼주(250918)'!$A$2:$D$315,3, FALSE) -> 242 | S58: =VLOOKUP('전체 통계'!$Q59,'하삼주 (250929)'!$A$2:$D$318,3, FALSE) -> 223 | T58: =VLOOKUP('전체 통계'!$Q59,'하삼주 (251006)'!$A$2:$D$313,3, FALSE) -> 219
P59: 55 | Q59: 必설리 | R59: =VLOOKUP('전체 통계'!$Q57,'하삼주(250918)'!$A$2:$D$315,3, FALSE) -> 188 | S59: =VLOOKUP('전체 통계'!$Q57,'하삼주 (250929)'!$A$2:$D$318,3, FALSE) -> 212 | T59: =VLOOKUP('전체 통계'!$Q57,'하삼주 (251006)'!$A$2:$D$313,3, FALSE) -> 216
P60: 58 | Q60: 羊흑펭귄 | R60: =VLOOKUP('전체 통계'!$Q60,'하삼주(250918)'!$A$2:$D$315,3, FALSE) -> 223 | S60: =VLOOKUP('전체 통계'!$Q60,'하삼주 (250929)'!$A$2:$D$318,3, FALSE) -> 221 | T60: =VLOOKUP('전체 통계'!$Q60,'하삼주 (251006)'!$A$2:$D$313,3, FALSE) -> 225
P61: 59 | Q61: 羊마형 | R61: =VLOOKUP('전체 통계'!$Q61,'하삼주(250918)'!$A$2:$D$315,3, FALSE) -> 198 | S61: =VLOOKUP('전체 통계'!$Q61,'하삼주 (250929)'!$A$2:$D$318,3, FALSE) -> 225 | T61: =VLOOKUP('전체 통계'!$Q61,'하삼주 (251006)'!$A$2:$D$313,3, FALSE) -> 228
P62: 60 | Q62: 싸나이가는길 | R62: =VLOOKUP('전체 통계'!$Q62,'하삼주(250918)'!$A$2:$D$315,3, FALSE) -> 186 | S62: =VLOOKUP('전체 통계'!$Q62,'하삼주 (250929)'!$A$2:$D$318,3, FALSE) -> 196 | T62: =VLOOKUP('전체 통계'!$Q62,'하삼주 (251006)'!$A$2:$D$313,3, FALSE) -> 230
P63: 63 | Q63: 내미시스 | R63: =VLOOKUP('전체 통계'!$Q65,'하삼주(250918)'!$A$2:$D$315,3, FALSE) -> 239 | S63: =VLOOKUP('전체 통계'!$Q65,'하삼주 (250929)'!$A$2:$D$318,3, FALSE) -> 272 | T63: =VLOOKUP('전체 통계'!$Q65,'하삼주 (251006)'!$A$2:$D$313,3, FALSE) -> 243
P64: 65 | Q64: 네고한날 | R64: =VLOOKUP('전체 통계'!$Q67,'하삼주(250918)'!$A$2:$D$315,3, FALSE) -> 262 | S64: =VLOOKUP('전체 통계'!$Q67,'하삼주 (250929)'!$A$2:$D$318,3, FALSE) -> 255 | T64: =VLOOKUP('전체 통계'!$Q67,'하삼주 (251006)'!$A$2:$D$313,3, FALSE) -> 249
P65: 61 | Q65: 羊비둘깅 | R65: =VLOOKUP('전체 통계'!$Q63,'하삼주(250918)'!$A$2:$D$315,3, FALSE) -> 167 | S65: =VLOOKUP('전체 통계'!$Q63,'하삼주 (250929)'!$A$2:$D$318,3, FALSE) -> 233 | T65: =VLOOKUP('전체 통계'!$Q63,'하삼주 (251006)'!$A$2:$D$313,3, FALSE) -> 241
P66: 64 | Q66: 羊그루 | R66: =VLOOKUP('전체 통계'!$Q66,'하삼주(250918)'!$A$2:$D$315,3, FALSE) -> 222 | S66: =VLOOKUP('전체 통계'!$Q66,'하삼주 (250929)'!$A$2:$D$318,3, FALSE) -> 254 | T66: =VLOOKUP('전체 통계'!$Q66,'하삼주 (251006)'!$A$2:$D$313,3, FALSE) -> 247
P67: 62 | Q67: 초록조커 | R67: =VLOOKUP('전체 통계'!$Q64,'하삼주(250918)'!$A$2:$D$315,3, FALSE) -> 213 | S67: =VLOOKUP('전체 통계'!$Q64,'하삼주 (250929)'!$A$2:$D$318,3, FALSE) -> 234 | T67: =VLOOKUP('전체 통계'!$Q64,'하삼주 (251006)'!$A$2:$D$313,3, FALSE) -> 242
P68: 67 | Q68: 必악몽 | R68: =VLOOKUP('전체 통계'!$Q69,'하삼주(250918)'!$A$2:$D$315,3, FALSE) -> 275 | S68: =VLOOKUP('전체 통계'!$Q69,'하삼주 (250929)'!$A$2:$D$318,3, FALSE) -> 262 | T68: =VLOOKUP('전체 통계'!$Q69,'하삼주 (251006)'!$A$2:$D$313,3, FALSE) -> 254
P69: 66 | Q69: 불눈이TV | R69: =VLOOKUP('전체 통계'!$Q68,'하삼주(250918)'!$A$2:$D$315,3, FALSE) -> 234 | S69: =VLOOKUP('전체 통계'!$Q68,'하삼주 (250929)'!$A$2:$D$318,3, FALSE) -> 252 | T69: =VLOOKUP('전체 통계'!$Q68,'하삼주 (251006)'!$A$2:$D$313,3, FALSE) -> 252
P70: 105 | Q70: 불눈이tv | R70: =VLOOKUP('전체 통계'!$Q107,'하삼주(250918)'!$A$2:$D$315,3, FALSE) -> 283 | S70: =VLOOKUP('전체 통계'!$Q107,'하삼주 (250929)'!$A$2:$D$318,3, FALSE) -> 350 | T70: =VLOOKUP('전체 통계'!$Q107,'하삼주 (251006)'!$A$2:$D$313,3, FALSE) -> 392
P71: 68 | Q71: 必소유 | R71: =VLOOKUP('전체 통계'!$Q70,'하삼주(250918)'!$A$2:$D$315,3, FALSE) -> 275 | S71: =VLOOKUP('전체 통계'!$Q70,'하삼주 (250929)'!$A$2:$D$318,3, FALSE) -> 262 | T71: =VLOOKUP('전체 통계'!$Q70,'하삼주 (251006)'!$A$2:$D$313,3, FALSE) -> 254
P72: 69 | Q72: 羊개미는뚠뚠 | R72: =VLOOKUP('전체 통계'!$Q71,'하삼주(250918)'!$A$2:$D$315,3, FALSE) -> 273 | S72: =VLOOKUP('전체 통계'!$Q71,'하삼주 (250929)'!$A$2:$D$318,3, FALSE) -> 301 | T72: =VLOOKUP('전체 통계'!$Q71,'하삼주 (251006)'!$A$2:$D$313,3, FALSE) -> 256
P73: 75 | Q73: 싸나이유닝 | R73: =VLOOKUP('전체 통계'!$Q77,'하삼주(250918)'!$A$2:$D$315,3, FALSE) -> 256 | S73: =VLOOKUP('전체 통계'!$Q77,'하삼주 (250929)'!$A$2:$D$318,3, FALSE) -> 259 | T73: =VLOOKUP('전체 통계'!$Q77,'하삼주 (251006)'!$A$2:$D$313,3, FALSE) -> 277
P74: 70 | Q74: 必먼치킨 | R74: =VLOOKUP('전체 통계'!$Q72,'하삼주(250918)'!$A$2:$D$315,3, FALSE) -> 251 | S74: =VLOOKUP('전체 통계'!$Q72,'하삼주 (250929)'!$A$2:$D$318,3, FALSE) -> 278 | T74: =VLOOKUP('전체 통계'!$Q72,'하삼주 (251006)'!$A$2:$D$313,3, FALSE) -> 261
P75: 73 | Q75: 커요미날 | R75: =VLOOKUP('전체 통계'!$Q75,'하삼주(250918)'!$A$2:$D$315,3, FALSE) -> 287 | S75: =VLOOKUP('전체 통계'!$Q75,'하삼주 (250929)'!$A$2:$D$318,3, FALSE) -> 291 | T75: =VLOOKUP('전체 통계'!$Q75,'하삼주 (251006)'!$A$2:$D$313,3, FALSE) -> 275
P76: 74 | Q76: 고공행진 | R76: =VLOOKUP('전체 통계'!$Q76,'하삼주(250918)'!$A$2:$D$315,3, FALSE) -> 367 | S76: =VLOOKUP('전체 통계'!$Q76,'하삼주 (250929)'!$A$2:$D$318,3, FALSE) -> 318 | T76: =VLOOKUP('전체 통계'!$Q76,'하삼주 (251006)'!$A$2:$D$313,3, FALSE) -> 276
P77: 81 | Q77: 必예수 | R77: =VLOOKUP('전체 통계'!$Q83,'하삼주(250918)'!$A$2:$D$315,3, FALSE) -> 269 | S77: =VLOOKUP('전체 통계'!$Q83,'하삼주 (250929)'!$A$2:$D$318,3, FALSE) -> 336 | T77: =VLOOKUP('전체 통계'!$Q83,'하삼주 (251006)'!$A$2:$D$313,3, FALSE) -> 289
P78: 71 | Q78: 불눈이티비 | R78: =VLOOKUP('전체 통계'!$Q73,'하삼주(250918)'!$A$2:$D$315,3, FALSE) -> 284 | S78: =VLOOKUP('전체 통계'!$Q73,'하삼주 (250929)'!$A$2:$D$318,3, FALSE) -> 266 | T78: =VLOOKUP('전체 통계'!$Q73,'하삼주 (251006)'!$A$2:$D$313,3, FALSE) -> 272
P79: 76 | Q79: 실버마초 | R79: =VLOOKUP('전체 통계'!$Q78,'하삼주(250918)'!$A$2:$D$315,3, FALSE) -> 264 | S79: =VLOOKUP('전체 통계'!$Q78,'하삼주 (250929)'!$A$2:$D$318,3, FALSE) -> 293 | T79: =VLOOKUP('전체 통계'!$Q78,'하삼주 (251006)'!$A$2:$D$313,3, FALSE) -> 279
P80: 80 | Q80: 必교황 | R80: =VLOOKUP('전체 통계'!$Q82,'하삼주(250918)'!$A$2:$D$315,3, FALSE) -> 340 | S80: =VLOOKUP('전체 통계'!$Q82,'하삼주 (250929)'!$A$2:$D$318,3, FALSE) -> 325 | T80: =VLOOKUP('전체 통계'!$Q82,'하삼주 (251006)'!$A$2:$D$313,3, FALSE) -> 288
P81: 72 | Q81: 타이틀 | R81: =VLOOKUP('전체 통계'!$Q74,'하삼주(250918)'!$A$2:$D$315,3, FALSE) -> 387 | S81: =VLOOKUP('전체 통계'!$Q74,'하삼주 (250929)'!$A$2:$D$318,3, FALSE) -> 320 | T81: =VLOOKUP('전체 통계'!$Q74,'하삼주 (251006)'!$A$2:$D$313,3, FALSE) -> 274
P82: 77 | Q82: 검정말릭 | R82: =VLOOKUP('전체 통계'!$Q79,'하삼주(250918)'!$A$2:$D$315,3, FALSE) -> 243 | S82: =VLOOKUP('전체 통계'!$Q79,'하삼주 (250929)'!$A$2:$D$318,3, FALSE) -> 275 | T82: =VLOOKUP('전체 통계'!$Q79,'하삼주 (251006)'!$A$2:$D$313,3, FALSE) -> 280
P83: 78 | Q83: 凵무파마 | R83: =VLOOKUP('전체 통계'!$Q80,'하삼주(250918)'!$A$2:$D$315,3, FALSE) -> 203 | S83: =VLOOKUP('전체 통계'!$Q80,'하삼주 (250929)'!$A$2:$D$318,3, FALSE) -> 248 | T83: =VLOOKUP('전체 통계'!$Q80,'하삼주 (251006)'!$A$2:$D$313,3, FALSE) -> 281
P84: 79 | Q84: 必스텔라B | R84: =VLOOKUP('전체 통계'!$Q81,'하삼주(250918)'!$A$2:$D$315,3, FALSE) -> 307 | S84: =VLOOKUP('전체 통계'!$Q81,'하삼주 (250929)'!$A$2:$D$318,3, FALSE) -> 319 | T84: =VLOOKUP('전체 통계'!$Q81,'하삼주 (251006)'!$A$2:$D$313,3, FALSE) -> 284
P85: 82 | Q85: 羊보까 | R85: =VLOOKUP('전체 통계'!$Q84,'하삼주(250918)'!$A$2:$D$315,3, FALSE) -> 319 | S85: =VLOOKUP('전체 통계'!$Q84,'하삼주 (250929)'!$A$2:$D$318,3, FALSE) -> 300 | T85: =VLOOKUP('전체 통계'!$Q84,'하삼주 (251006)'!$A$2:$D$313,3, FALSE) -> 290
P86: 85 | Q86: |주|글로리 | R86: =VLOOKUP('전체 통계'!$Q87,'하삼주(250918)'!$A$2:$D$315,3, FALSE) -> 255 | S86: =VLOOKUP('전체 통계'!$Q87,'하삼주 (250929)'!$A$2:$D$318,3, FALSE) -> 310 | T86: =VLOOKUP('전체 통계'!$Q87,'하삼주 (251006)'!$A$2:$D$313,3, FALSE) -> 304
P87: 84 | Q87: 必무현 | R87: =VLOOKUP('전체 통계'!$Q86,'하삼주(250918)'!$A$2:$D$315,3, FALSE) -> 301 | S87: =VLOOKUP('전체 통계'!$Q86,'하삼주 (250929)'!$A$2:$D$318,3, FALSE) -> 285 | T87: =VLOOKUP('전체 통계'!$Q86,'하삼주 (251006)'!$A$2:$D$313,3, FALSE) -> 300
P88: 83 | Q88: 必헤라엔젤 | R88: =VLOOKUP('전체 통계'!$Q85,'하삼주(250918)'!$A$2:$D$315,3, FALSE) -> 303 | S88: =VLOOKUP('전체 통계'!$Q85,'하삼주 (250929)'!$A$2:$D$318,3, FALSE) -> 321 | T88: =VLOOKUP('전체 통계'!$Q85,'하삼주 (251006)'!$A$2:$D$313,3, FALSE) -> 296
P89: 86 | Q89: 마산히야 | R89: =VLOOKUP('전체 통계'!$Q88,'하삼주(250918)'!$A$2:$D$315,3, FALSE) -> 228 | S89: =VLOOKUP('전체 통계'!$Q88,'하삼주 (250929)'!$A$2:$D$318,3, FALSE) -> 280 | T89: =VLOOKUP('전체 통계'!$Q88,'하삼주 (251006)'!$A$2:$D$313,3, FALSE) -> 306
P90: 90 | Q90: 싸나이방덕 | R90: =VLOOKUP('전체 통계'!$Q92,'하삼주(250918)'!$A$2:$D$315,3, FALSE) -> 261 | S90: =VLOOKUP('전체 통계'!$Q92,'하삼주 (250929)'!$A$2:$D$318,3, FALSE) -> 322 | T90: =VLOOKUP('전체 통계'!$Q92,'하삼주 (251006)'!$A$2:$D$313,3, FALSE) -> 324
P91: 89 | Q91: 광호제 | R91: =VLOOKUP('전체 통계'!$Q91,'하삼주(250918)'!$A$2:$D$315,3, FALSE) -> 353 | S91: =VLOOKUP('전체 통계'!$Q91,'하삼주 (250929)'!$A$2:$D$318,3, FALSE) -> 347 | T91: =VLOOKUP('전체 통계'!$Q91,'하삼주 (251006)'!$A$2:$D$313,3, FALSE) -> 323
P92: 87 | Q92: 必투신흑풍 | R92: =VLOOKUP('전체 통계'!$Q89,'하삼주(250918)'!$A$2:$D$315,3, FALSE) -> 272 | S92: =VLOOKUP('전체 통계'!$Q89,'하삼주 (250929)'!$A$2:$D$318,3, FALSE) -> 309 | T92: =VLOOKUP('전체 통계'!$Q89,'하삼주 (251006)'!$A$2:$D$313,3, FALSE) -> 312
P93: 91 | Q93: 레플 | R93: =VLOOKUP('전체 통계'!$Q93,'하삼주(250918)'!$A$2:$D$315,3, FALSE) -> 328 | S93: =VLOOKUP('전체 통계'!$Q93,'하삼주 (250929)'!$A$2:$D$318,3, FALSE) -> 340 | T93: =VLOOKUP('전체 통계'!$Q93,'하삼주 (251006)'!$A$2:$D$313,3, FALSE) -> 325
P94: 88 | Q94: 必지국삼 | R94: =VLOOKUP('전체 통계'!$Q90,'하삼주(250918)'!$A$2:$D$315,3, FALSE) -> 252 | S94: =VLOOKUP('전체 통계'!$Q90,'하삼주 (250929)'!$A$2:$D$318,3, FALSE) -> 332 | T94: =VLOOKUP('전체 통계'!$Q90,'하삼주 (251006)'!$A$2:$D$313,3, FALSE) -> 321
P95: 93 | Q95: 羊하단간지 | R95: =VLOOKUP('전체 통계'!$Q95,'하삼주(250918)'!$A$2:$D$315,3, FALSE) -> 286 | S95: =VLOOKUP('전체 통계'!$Q95,'하삼주 (250929)'!$A$2:$D$318,3, FALSE) -> 317 | T95: =VLOOKUP('전체 통계'!$Q95,'하삼주 (251006)'!$A$2:$D$313,3, FALSE) -> 330
P96: 92 | Q96: 必시기 | R96: =VLOOKUP('전체 통계'!$Q94,'하삼주(250918)'!$A$2:$D$315,3, FALSE) -> 365 | S96: =VLOOKUP('전체 통계'!$Q94,'하삼주 (250929)'!$A$2:$D$318,3, FALSE) -> 346 | T96: =VLOOKUP('전체 통계'!$Q94,'하삼주 (251006)'!$A$2:$D$313,3, FALSE) -> 327
P97: 95 | Q97: 必살기 | R97: =VLOOKUP('전체 통계'!$Q97,'하삼주(250918)'!$A$2:$D$315,3, FALSE) -> 352 | S97: =VLOOKUP('전체 통계'!$Q97,'하삼주 (250929)'!$A$2:$D$318,3, FALSE) -> 342 | T97: =VLOOKUP('전체 통계'!$Q97,'하삼주 (251006)'!$A$2:$D$313,3, FALSE) -> 341
P98: 94 | Q98: 必짜빠게티 | R98: =VLOOKUP('전체 통계'!$Q96,'하삼주(250918)'!$A$2:$D$315,3, FALSE) -> 227 | S98: =VLOOKUP('전체 통계'!$Q96,'하삼주 (250929)'!$A$2:$D$318,3, FALSE) -> 330 | T98: =VLOOKUP('전체 통계'!$Q96,'하삼주 (251006)'!$A$2:$D$313,3, FALSE) -> 334
P99: 96 | Q99: 凵스낵면 | R99: =VLOOKUP('전체 통계'!$Q98,'하삼주(250918)'!$A$2:$D$315,3, FALSE) -> 298 | S99: =VLOOKUP('전체 통계'!$Q98,'하삼주 (250929)'!$A$2:$D$318,3, FALSE) -> 335 | T99: =VLOOKUP('전체 통계'!$Q98,'하삼주 (251006)'!$A$2:$D$313,3, FALSE) -> 343
P100: 97 | Q100: 해피한날 | R100: =VLOOKUP('전체 통계'!$Q99,'하삼주(250918)'!$A$2:$D$315,3, FALSE) -> 379 | S100: =VLOOKUP('전체 통계'!$Q99,'하삼주 (250929)'!$A$2:$D$318,3, FALSE) -> 365 | T100: =VLOOKUP('전체 통계'!$Q99,'하삼주 (251006)'!$A$2:$D$313,3, FALSE) -> 348
P101: 98 | Q101: 역병괴물 | R101: =VLOOKUP('전체 통계'!$Q100,'하삼주(250918)'!$A$2:$D$315,3, FALSE) -> 350 | S101: =VLOOKUP('전체 통계'!$Q100,'하삼주 (250929)'!$A$2:$D$318,3, FALSE) -> 374 | T101: =VLOOKUP('전체 통계'!$Q100,'하삼주 (251006)'!$A$2:$D$313,3, FALSE) -> 357
...

Sheet 전체 랭킹 (250918)
D1: 상삼주 | E1: in600 | F1: in400 | G1: in200 | H1: in100 | I1: in50
D2: 잠룡 | E2: =COUNTIF($C$14:$C$613,$D2) -> 191 | F2: =COUNTIF($C$14:$C$413,$D2) -> 165 | G2: =COUNTIF($C$14:$C$213,$D2) -> 117 | H2: =COUNTIF($C$14:$C$113,$D2) -> 74 | I2: =COUNTIF($C$14:$C$63,$D2) -> 41 | O2: 每 | P2: 매 | Q2: 每
D3: 아이돌 | E3: =COUNTIF($C$14:$C$613,$D3) -> 77 | F3: =COUNTIF($C$14:$C$413,$D3) -> 34 | G3: =COUNTIF($C$14:$C$213,$D3) -> 7 | H3: =COUNTIF($C$14:$C$113,$D3) -> 2 | I3: =COUNTIF($C$14:$C$63,$D3) -> 0 | O3: 天威 | P3: 天威 | Q3: 天威
D4: 협동조합 | E4: =COUNTIF($C$14:$C$613,$D4) -> 12 | F4: =COUNTIF($C$14:$C$413,$D4) -> 1 | G4: =COUNTIF($C$14:$C$213,$D4) -> 0 | H4: =COUNTIF($C$14:$C$113,$D4) -> 0 | I4: =COUNTIF($C$14:$C$63,$D4) -> 0 | O4: 丫 | P4: 아 | Q4: 丫
D5: 노동조합 | E5: =COUNTIF($C$14:$C$613,$D5) -> 0 | F5: =COUNTIF($C$14:$C$413,$D5) -> 0 | G5: =COUNTIF($C$14:$C$213,$D5) -> 0 | H5: =COUNTIF($C$14:$C$113,$D5) -> 0 | I5: =COUNTIF($C$14:$C$63,$D5) -> 0 | O5: 乄 | P5: 오 | Q5: 乄
D6: 계 | E6: =SUM(E2:E5) -> 280 | F6: =SUM(F2:F5) -> 200 | G6: =SUM(G2:G5) -> 124 | H6: =SUM(H2:H5) -> 76 | I6: =SUM(I2:I5) -> 41 | O6: 忠義 | P6: 忠義 | Q6: 忠義
D7: 하삼주 | E7: in600 | F7: in400 | G7: in200 | H7: in100 | I7: in50 | O7: 遊興 | P7: 遊興 | Q7: 遊興
D8: 무명 | E8: =COUNTIF($C$14:$C$613,$D8) -> 155 | F8: =COUNTIF($C$14:$C$413,$D8) -> 113 | G8: =COUNTIF($C$14:$C$213,$D8) -> 52 | H8: =COUNTIF($C$14:$C$113,$D8) -> 21 | I8: =COUNTIF($C$14:$C$63,$D8) -> 9 | O8: 亗 | P8: 세 | Q8: 亗
D9: 혁명군 | E9: =COUNTIF($C$14:$C$613,$D9) -> 115 | F9: =COUNTIF($C$14:$C$413,$D9) -> 70 | G9: =COUNTIF($C$14:$C$213,$D9) -> 23 | H9: =COUNTIF($C$14:$C$113,$D9) -> 3 | I9: =COUNTIF($C$14:$C$63,$D9) -> 0 | O9: 凵 | P9: 감 | Q9: 凵
D10: 관중제장 | E10: =COUNTIF($C$14:$C$613,$D10) -> 44 | F10: =COUNTIF($C$14:$C$413,$D10) -> 15 | G10: =COUNTIF($C$14:$C$213,$D10) -> 1 | H10: =COUNTIF($C$14:$C$113,$D10) -> 0 | I10: =COUNTIF($C$14:$C$63,$D10) -> 0
D11: 귀농단 | E11: =COUNTIF($C$14:$C$613,$D11) -> 5 | F11: =COUNTIF($C$14:$C$413,$D11) -> 2 | G11: =COUNTIF($C$14:$C$213,$D11) -> 0 | H11: =COUNTIF($C$14:$C$113,$D11) -> 0 | I11: =COUNTIF($C$14:$C$63,$D11) -> 0
D12: 계 | E12: =SUM(E8:E11) -> 319 | F12: =SUM(F8:F11) -> 200 | G12: =SUM(G8:G11) -> 76 | H12: =SUM(H8:H11) -> 24 | I12: =SUM(I8:I11) -> 9
A13: 랭킹 | B13: 이름 | C13: 동맹
A14: 1 | B14: 이로아 | C14: 잠룡
A15: 2 | B15: 天威아조씨 | C15: 잠룡
A16: 3 | B16: 靑핑돌 | C16: 잠룡
A17: 4 | B17: 황금비 | C17: 잠룡
A18: 5 | B18: 소풍온아모림 | C18: 잠룡
A19: 6 | B19: 돌격사신 | C19: 잠룡
A20: 7 | B20: 출항의날 | C20: 무명
A21: 8 | B21: 붉은윈터 | C21: 잠룡
A22: 9 | B22: 소풍왕정몽규 | C22: 잠룡
A23: 10 | B23: 화요싫어 | C23: 잠룡
A24: 11 | B24: 必블리파파 | C24: 무명
A25: 12 | B25: 흰밤 | C25: 무명
... A613: 600 | B613: 超연격초토화 | C613: 관중제장

Sheet 하삼주(250918)
A1: 이름 | B1: 동맹 | C1: 랭킹 | D1: 진영 순위 | F1: 동맹 | G1: 전체분포 | H1: in140분포
A2: 출항의날 | B2: 무명 | C2: 7 | D2: 1 | F2: 무명 | G2: =COUNTIF($B$2:$B$315,$F2) -> 155 | H2: =COUNTIF($B$2:$B$141,$F2) -> 90
A3: 必블리파파 | B3: 무명 | C3: 11 | D3: 2 | F3: 혁명군 | G3: =COUNTIF($B$2:$B$315,$F3) -> 115 | H3: =COUNTIF($B$2:$B$141,$F3) -> 44
A4: 흰밤 | B4: 무명 | C4: 12 | D4: 3 | F4: 관중제장 | G4: =COUNTIF($B$2:$B$315,$F4) -> 44 | H4: =COUNTIF($B$2:$B$141,$F4) -> 6
A5: 凵너구리 | B5: 무명 | C5: 21 | D5: 4
A6: 퍼플주에고 | B6: 무명 | C6: 22 | D6: 5
A7: 컬러단장용스 | B7: 무명 | C7: 30 | D7: 6 | F7: 출항의날 | G7: =VLOOKUP(F7,A2:D315,1,FALSE) -> 출항의날
A8: 必비트핑 | B8: 무명 | C8: 35 | D8: 7
A9: 이직 | B9: 무명 | C9: 44 | D9: 8
A10: 爛추노꾼 | B10: 무명 | C10: 47 | D10: 9
A11: 羊양제 | B11: 무명 | C11: 55 | D11: 10
A12: SKELTON | B12: 무명 | C12: 59 | D12: 11
A13: 羊마산동탁 | B13: 무명 | C13: 61 | D13: 12
A14: 必리나니 | B14: 무명 | C14: 62 | D14: 13
A15: 必우마이봉 | B15: 무명 | C15: 67 | D15: 14
A16: 실직 | B16: 무명 | C16: 68 | D16: 15
A17: 乄애램 | B17: 혁명군 | C17: 72 | D17: 16
A18: 羊이정재 | B18: 무명 | C18: 79 | D18: 17
A19: 마룡의숲 | B19: 무명 | C19: 82 | D19: 18
... A315: 超연격초토화 | B315: 관중제장 | C315: 600 | D315: 314

Sheet 전체 랭킹 (250929)
D1: 상삼주 | E1: in600 | F1: in400 | G1: in200 | H1: in100 | I1: in50
D2: 잠룡 | E2: =COUNTIF($C$14:$C$613,$D2) -> 187 | F2: =COUNTIF($C$14:$C$413,$D2) -> 161 | G2: =COUNTIF($C$14:$C$213,$D2) -> 113 | H2: =COUNTIF($C$14:$C$113,$D2) -> 68 | I2: =COUNTIF($C$14:$C$63,$D2) -> 38 | O2: 每 | P2: 매 | Q2: 每
D3: 아이돌 | E3: =COUNTIF($C$14:$C$613,$D3) -> 78 | F3: =COUNTIF($C$14:$C$413,$D3) -> 41 | G3: =COUNTIF($C$14:$C$213,$D3) -> 8 | H3: =COUNTIF($C$14:$C$113,$D3) -> 3 | I3: =COUNTIF($C$14:$C$63,$D3) -> 0 | O3: 天威 | P3: 天威 | Q3: 天威
D4: 협동조합 | E4: =COUNTIF($C$14:$C$613,$D4) -> 17 | F4: =COUNTIF($C$14:$C$413,$D4) -> 4 | G4: =COUNTIF($C$14:$C$213,$D4) -> 0 | H4: =COUNTIF($C$14:$C$113,$D4) -> 0 | I4: =COUNTIF($C$14:$C$63,$D4) -> 0 | O4: 丫 | P4: 아 | Q4: 丫
D5: 노동조합 | E5: =COUNTIF($C$14:$C$613,$D5) -> 1 | F5: =COUNTIF($C$14:$C$413,$D5) -> 0 | G5: =COUNTIF($C$14:$C$213,$D5) -> 0 | H5: =COUNTIF($C$14:$C$113,$D5) -> 0 | I5: =COUNTIF($C$14:$C$63,$D5) -> 0 | O5: 乄 | P5: 오 | Q5: 乄
D6: 계 | E6: =SUM(E2:E5) -> 283 | F6: =SUM(F2:F5) -> 206 | G6: =SUM(G2:G5) -> 121 | H6: =SUM(H2:H5) -> 71 | I6: =SUM(I2:I5) -> 38 | O6: 忠義 | P6: 忠義 | Q6: 忠義
D7: 하삼주 | E7: in600 | F7: in400 | G7: in200 | H7: in100 | I7: in50 | O7: 遊興 | P7: 遊興 | Q7: 遊興
D8: 무명 | E8: =COUNTIF($C$14:$C$613,$D8) -> 150 | F8: =COUNTIF($C$14:$C$413,$D8) -> 107 | G8: =COUNTIF($C$14:$C$213,$D8) -> 49 | H8: =COUNTIF($C$14:$C$113,$D8) -> 20 | I8: =COUNTIF($C$14:$C$63,$D8) -> 9 | O8: 亗 | P8: 세 | Q8: 亗
D9: 혁명군 | E9: =COUNTIF($C$14:$C$613,$D9) -> 117 | F9: =COUNTIF($C$14:$C$413,$D9) -> 73 | G9: =COUNTIF($C$14:$C$213,$D9) -> 27 | H9: =COUNTIF($C$14:$C$113,$D9) -> 9 | I9: =COUNTIF($C$14:$C$63,$D9) -> 3 | O9: 凵 | P9: 감 | Q9: 凵
D10: 관중제장 | E10: =COUNTIF($C$14:$C$613,$D10) -> 44 | F10: =COUNTIF($C$14:$C$413,$D10) -> 13 | G10: =COUNTIF($C$14:$C$213,$D10) -> 3 | H10: =COUNTIF($C$14:$C$113,$D10) -> 0 | I10: =COUNTIF($C$14:$C$63,$D10) -> 0
D11: 귀농단 | E11: =COUNTIF($C$14:$C$613,$D11) -> 6 | F11: =COUNTIF($C$14:$C$413,$D11) -> 1 | G11: =COUNTIF($C$14:$C$213,$D11) -> 0 | H11: =COUNTIF($C$14:$C$113,$D11) -> 0 | I11: =COUNTIF($C$14:$C$63,$D11) -> 0
D12: 계 | E12: =SUM(E8:E11) -> 317 | F12: =SUM(F8:F11) -> 194 | G12: =SUM(G8:G11) -> 79 | H12: =SUM(H8:H11) -> 29 | I12: =SUM(I8:I11) -> 12
A13: 랭킹 | B13: 이름 | C13: 동맹
A14: 1 | B14: 天威아조씨 | C14: 잠룡
A15: 2 | B15: 靑핑돌 | C15: 잠룡
A16: 3 | B16: 황금비 | C16: 잠룡
A17: 4 | B17: 이로아 | C17: 잠룡
A18: 5 | B18: 붉은윈터 | C18: 잠룡
A19: 6 | B19: 출항의날 | C19: 무명
A20: 7 | B20: 소풍온아모림 | C20: 잠룡
A21: 8 | B21: 돌격사신 | C21: 잠룡
A22: 9 | B22: 화요싫어 | C22: 잠룡
A23: 10 | B23: 必블리파파 | C23: 무명
A24: 11 | B24: 靑세쥬 | C24: 잠룡
A25: 12 | B25: 凵너구리 | C25: 무명
... A613: 600 | B613: 슈육한날 | C613: 무명

Sheet 하삼주 (250929)
A1: 이름 | B1: 동맹 | C1: 랭킹 | D1: 진영 순위 | F1: 동맹 | G1: 전체분포 | H1: in140분포
A2: 출항의날 | B2: 무명 | C2: 6 | D2: 1 | F2: 무명 | G2: =COUNTIF($B$2:$B$318,$F2) -> 150 | H2: =COUNTIF($B$2:$B$141,$F2) -> 79
A3: 必블리파파 | B3: 무명 | C3: 10 | D3: 2 | F3: 혁명군 | G3: =COUNTIF($B$2:$B$318,$F3) -> 117 | H3: =COUNTIF($B$2:$B$141,$F3) -> 54
A4: 凵너구리 | B4: 무명 | C4: 12 | D4: 3 | F4: 관중제장 | G4: =COUNTIF($B$2:$B$318,$F4) -> 44 | H4: =COUNTIF($B$2:$B$141,$F4) -> 7
A5: 흰밤 | B5: 무명 | C5: 14 | D5: 4 | E5: 컬러단
A6: 퍼플주에고 | B6: 무명 | C6: 19 | D6: 5 | E6: 컬러단
A7: 必비트핑 | B7: 무명 | C7: 20 | D7: 6
A8: 乄애램 | B8: 혁명군 | C8: 23 | D8: 7
A9: 컬러단장용스 | B9: 무명 | C9: 36 | D9: 8 | E9: 컬러단
A10: W레젠디아 | B10: 혁명군 | C10: 38 | D10: 9
A11: W라기 | B11: 혁명군 | C11: 40 | D11: 10
A12: SKELTON | B12: 무명 | C12: 45 | D12: 11
A13: 이직 | B13: 무명 | C13: 46 | D13: 12
A14: 羊마산동탁 | B14: 무명 | C14: 53 | D14: 13
A15: 羊양제 | B15: 무명 | C15: 58 | D15: 14
A16: 爛추노꾼 | B16: 무명 | C16: 63 | D16: 15
A17: 必우마이봉 | B17: 무명 | C17: 71 | D17: 16
A18: 必리나니 | B18: 무명 | C18: 73 | D18: 17
A19: 羊이정재 | B19: 무명 | C19: 76 | D19: 18
A20: 凵진라면 | B20: 무명 | C20: 77 | D20: 19
A21: 麗호우 | B21: 혁명군 | C21: 78 | D21: 20
... A68: 적색의용 | B68: 관중제장 | C68: 183 | D68: 67
A69: 흰밥 | B69: 무명 | C69: 184 | D69: 68 | E69: 컬러단
A70: 羊마속 | B70: 무명 | C70: 186 | D70: 69
A71: GP또또 | B71: 관중제장 | C71: 187 | D71: 70
A72: 羊열하 | B72: 무명 | C72: 189 | D72: 71
A73: 최경주 | B73: 무명 | C73: 191 | D73: 72
A74: 기파랑해 | B74: 무명 | C74: 192 | D74: 73
A75: SP제갈공명 | B75: 혁명군 | C75: 193 | D75: 74
A76: 어른이날 | B76: 무명 | C76: 195 | D76: 75
A77: 싸나이가는길 | B77: 무명 | C77: 196 | D77: 76
A78: Fins | B78: 혁명군 | C78: 197 | D78: 77
A79: Ak동 | B79: 무명 | C79: 198 | D79: 78
A80: 羊관우 | B80: 무명 | C80: 200 | D80: 79
A81: 必인삼 | B81: 무명 | C81: 204 | D81: 80
... A94: 必설리 | B94: 무명 | C94: 223 | D94: 93
A95: 바나나 | B95: 무명 | C95: 224 | D95: 94 | E95: 컬러단
A96: 羊마형 | B96: 무명 | C96: 225 | D96: 95
A97: 멍멍도깨비 | B97: 관중제장 | C97: 226 | D97: 96
A98: 내미시스 | B98: 무명 | C98: 233 | D98: 97
A99: 네고한날 | B99: 무명 | C99: 234 | D99: 98
A100: 감이 | B100: 혁명군 | C100: 235 | D100: 99
A101: 忠義우강 | B101: 혁명군 | C101: 236 | D101: 100
A102: 虎냥뇽 | B102: 혁명군 | C102: 238 | D102: 101
A103: 乄키즈 | B103: 혁명군 | C103: 239 | D103: 102
A104: 乄공작 | B104: 혁명군 | C104: 242 | D104: 103
A105: 乄라혼 | B105: 혁명군 | C105: 243 | D105: 104
A106: 麗싸농 | B106: 혁명군 | C106: 245 | D106: 105
A107: 전목사 | B107: 혁명군 | C107: 247 | D107: 106
... A111: 羊그루 | B111: 무명 | C111: 254 | D111: 110
A112: 초록조커 | B112: 무명 | C112: 255 | D112: 111 | E112: 컬러단
A113: 팔목상대 | B113: 혁명군 | C113: 257 | D113: 112
A114: 必예수 | B114: 무명 | C114: 259 | D114: 113
A115: 北소울 | B115: 관중제장 | C115: 261 | D115: 114
A116: 불눈이TV | B116: 무명 | C116: 262 | D116: 115
A117: 神Ares | B117: 혁명군 | C117: 264 | D117: 116
A118: 싸나이유닝 | B118: 무명 | C118: 266 | D118: 117
A119: 义볼트 | B119: 혁명군 | C119: 268 | D119: 118
A120: 장갑차 | B120: 혁명군 | C120: 270 | D120: 119
A121: 羊비둘깅 | B121: 무명 | C121: 272 | D121: 120
A122: 실버마초 | B122: 무명 | C122: 275 | D122: 121 | E122: 컬러단
A123: 멘사 | B123: 혁명군 | C123: 277 | D123: 122
A124: 羊개미는뚠뚠 | B124: 무명 | C124: 278 | D124: 123
A125: 必헤라엔젤 | B125: 무명 | C125: 280 | D125: 124
A126: 超야마토 | B126: 관중제장 | C126: 282 | D126: 125
A127: 카타르시쓰Z | B127: 혁명군 | C127: 283 | D127: 126
A128: 乄엔 | B128: 혁명군 | C128: 284 | D128: 127
A129: |주|글로리 | B129: 무명 | C129: 285 | D129: 128
A130: 한가한 | B130: 혁명군 | C130: 287 | D130: 129
A131: 커요미날 | B131: 무명 | C131: 291 | D131: 130
A132: 불눈이티비 | B132: 무명 | C132: 293 | D132: 131
A133: 현빙 | B133: 혁명군 | C133: 294 | D133: 132
A134: 도 | B134: 혁명군 | C134: 296 | D134: 133
... A154: W호남 | B154: 혁명군 | C154: 324 | D154: 153
A155: 검정말릭 | B155: 무명 | C155: 325 | D155: 154 | E155: 컬러단
A156: 乄샘치 | B156: 혁명군 | C156: 328 | D156: 155
A157: 홀란z | B157: 혁명군 | C157: 329 | D157: 156
A158: 必시기 | B158: 무명 | C158: 330 | D158: 157
A159: Mx천좌 | B159: 관중제장 | C159: 331 | D159: 158
A160: 싸나이방덕 | B160: 무명 | C160: 332 | D160: 159
A161: 검성제제 | B161: 혁명군 | C161: 333 | D161: 160
A162: 忠義나이키 | B162: 혁명군 | C162: 334 | D162: 161
A163: 必짜빠게티 | B163: 무명 | C163: 335 | D163: 162
A164: 凵무파마 | B164: 무명 | C164: 336 | D164: 163
A165: 역병괴물 | B165: 무명 | C165: 337 | D165: 164
A166: 미모의려희 | B166: 혁명군 | C166: 338 | D166: 165
A167: 레플 | B167: 무명 | C167: 340 | D167: 166
... A192: 항우랑 | B192: 혁명군 | C192: 395 | D192: 191
A193: 흰방 | B193: 무명 | C193: 397 | D193: 192 | E193: 컬러단
A194: GP사천랑 | B194: 관중제장 | C194: 399 | D194: 193
A195: 虎초격차 | B195: 혁명군 | C195: 400 | D195: 194
A196: Beluga | B196: 혁명군 | C196: 403 | D196: 195
A197: 乄미리내 | B197: 혁명군 | C197: 405 | D197: 196
A198: 羊여름이다 | B198: 무명 | C198: 406 | D198: 197
A199: 폐월 | B199: 관중제장 | C199: 407 | D199: 198
A200: 콥관음병 | B200: 무명 | C200: 408 | D200: 199
A201: Mx야마토 | B201: 관중제장 | C201: 409 | D201: 200
A202: 눈오던날 | B202: 무명 | C202: 410 | D202: 201
A203: Anemone | B203: 혁명군 | C203: 411 | D203: 202
A204: 乄옴걸 | B204: 혁명군 | C204: 416 | D204: 203
...

Sheet 전체 랭킹 (251006)
D1: 상삼주 | E1: in600 | F1: in400 | G1: in200 | H1: in100 | I1: in50
D2: 잠룡 | E2: =COUNTIF($C$14:$C$613,$D2) -> 188 | F2: =COUNTIF($C$14:$C$413,$D2) -> 162 | G2: =COUNTIF($C$14:$C$213,$D2) -> 116 | H2: =COUNTIF($C$14:$C$113,$D2) -> 68 | I2: =COUNTIF($C$14:$C$63,$D2) -> 35 | O2: 每 | P2: 매 | Q2: 每
D3: 아이돌 | E3: =COUNTIF($C$14:$C$613,$D3) -> 80 | F3: =COUNTIF($C$14:$C$413,$D3) -> 43 | G3: =COUNTIF($C$14:$C$213,$D3) -> 9 | H3: =COUNTIF($C$14:$C$113,$D3) -> 3 | I3: =COUNTIF($C$14:$C$63,$D3) -> 1 | O3: 天威 | P3: 天威 | Q3: 天威
D4: 협동조합 | E4: =COUNTIF($C$14:$C$613,$D4) -> 19 | F4: =COUNTIF($C$14:$C$413,$D4) -> 4 | G4: =COUNTIF($C$14:$C$213,$D4) -> 0 | H4: =COUNTIF($C$14:$C$113,$D4) -> 0 | I4: =COUNTIF($C$14:$C$63,$D4) -> 0 | O4: 丫 | P4: 아 | Q4: 丫
D5: 노동조합 | E5: =COUNTIF($C$14:$C$613,$D5) -> 1 | F5: =COUNTIF($C$14:$C$413,$D5) -> 0 | G5: =COUNTIF($C$14:$C$213,$D5) -> 0 | H5: =COUNTIF($C$14:$C$113,$D5) -> 0 | I5: =COUNTIF($C$14:$C$63,$D5) -> 0 | O5: 乄 | P5: 오 | Q5: 乄
B6: 义 | D6: 계 | E6: =SUM(E2:E5) -> 288 | F6: =SUM(F2:F5) -> 209 | G6: =SUM(G2:G5) -> 125 | H6: =SUM(H2:H5) -> 71 | I6: =SUM(I2:I5) -> 36 | O6: 忠義 | P6: 忠義 | Q6: 忠義
D7: 하삼주 | E7: in600 | F7: in400 | G7: in200 | H7: in100 | I7: in50 | O7: 遊興 | P7: 遊興 | Q7: 遊興
D8: 무명 | E8: =COUNTIF($C$14:$C$613,$D8) -> 146 | F8: =COUNTIF($C$14:$C$413,$D8) -> 106 | G8: =COUNTIF($C$14:$C$213,$D8) -> 48 | H8: =COUNTIF($C$14:$C$113,$D8) -> 18 | I8: =COUNTIF($C$14:$C$63,$D8) -> 11 | O8: 亗 | P8: 세 | Q8: 亗
D9: 혁명군 | E9: =COUNTIF($C$14:$C$613,$D9) -> 120 | F9: =COUNTIF($C$14:$C$413,$D9) -> 72 | G9: =COUNTIF($C$14:$C$213,$D9) -> 25 | H9: =COUNTIF($C$14:$C$113,$D9) -> 11 | I9: =COUNTIF($C$14:$C$63,$D9) -> 3 | O9: 凵 | P9: 감 | Q9: 凵
D10: 관중제장 | E10: =COUNTIF($C$14:$C$613,$D10) -> 41 | F10: =COUNTIF($C$14:$C$413,$D10) -> 12 | G10: =COUNTIF($C$14:$C$213,$D10) -> 2 | H10: =COUNTIF($C$14:$C$113,$D10) -> 0 | I10: =COUNTIF($C$14:$C$63,$D10) -> 0
D11: 귀농단 | E11: =COUNTIF($C$14:$C$613,$D11) -> 5 | F11: =COUNTIF($C$14:$C$413,$D11) -> 1 | G11: =COUNTIF($C$14:$C$213,$D11) -> 0 | H11: =COUNTIF($C$14:$C$113,$D11) -> 0 | I11: =COUNTIF($C$14:$C$63,$D11) -> 0
D12: 계 | E12: =SUM(E8:E11) -> 312 | F12: =SUM(F8:F11) -> 191 | G12: =SUM(G8:G11) -> 75 | H12: =SUM(H8:H11) -> 29 | I12: =SUM(I8:I11) -> 14
A13: 랭킹 | B13: 이름 | C13: 동맹
A14: 1 | B14: 天威아조씨 | C14: 잠룡
A15: 2 | B15: 靑핑돌 | C15: 잠룡
A16: 3 | B16: 황금비 | C16: 잠룡
A17: 4 | B17: 이로아 | C17: 잠룡
A18: 5 | B18: 출항의날 | C18: 무명
A19: 6 | B19: 소풍온아모림 | C19: 잠룡
A20: 7 | B20: 돌격사신 | C20: 잠룡
A21: 8 | B21: 화요싫어 | C21: 잠룡
A22: 9 | B22: 붉은윈터 | C22: 잠룡
A23: 10 | B23: 龍오마카세 | C23: 잠룡
A24: 11 | B24: 凵너구리 | C24: 무명
A25: 12 | B25: 靑세쥬 | C25: 잠룡
... A613: 600 | B613: 하늘물괴기 | C613: 아이돌

Sheet 하삼주 (251006)
A1: 이름 | B1: 동맹 | C1: 랭킹 | D1: 진영 순위 | F1: 동맹 | G1: 전체분포 | H1: in140분포
A2: 출항의날 | B2: 무명 | C2: 5 | D2: 1 | F2: 무명 | G2: =COUNTIF($B$2:$B$313,$F2) -> 145 | H2: =COUNTIF($B$2:$B$61,$F2) -> 35
A3: 凵너구리 | B3: 무명 | C3: 11 | D3: 2 | F3: 혁명군 | G3: =COUNTIF($B$2:$B$313,$F3) -> 120 | H3: =COUNTIF($B$2:$B$61,$F3) -> 23
A4: 必블리파파 | B4: 무명 | C4: 13 | D4: 3 | F4: 관중제장 | G4: =COUNTIF($B$2:$B$313,$F4) -> 41 | H4: =COUNTIF($B$2:$B$61,$F4) -> 2
A5: 퍼플주에고 | B5: 무명 | C5: 14 | D5: 4
A6: 흰밤 | B6: 무명 | C6: 15 | D6: 5
A7: 必비트핑 | B7: 무명 | C7: 18 | D7: 6
A8: 乄애램 | B8: 혁명군 | C8: 20 | D8: 7
A9: W레젠디아 | B9: 혁명군 | C9: 31 | D9: 8
A10: 컬러단장용스 | B10: 무명 | C10: 32 | D10: 9
A11: W라기 | B11: 혁명군 | C11: 37 | D11: 10
A12: 이직 | B12: 무명 | C12: 38 | D12: 11
A13: SKELTON | B13: 무명 | C13: 43 | D13: 12
A14: 羊양제 | B14: 무명 | C14: 48 | D14: 13
A15: 羊마산동탁 | B15: 무명 | C15: 50 | D15: 14
A16: 爛추노꾼 | B16: 무명 | C16: 65 | D16: 15
... A193: 乄탕구리 | B193: 혁명군 | C193: 402 | D193: 192
A194: 무무 | B194: 무명 | C194: 405 | D194: 193 | E194: 주식
A195: 불눈이tv | B195: 무명 | C195: 407 | D195: 194 | E195: 양침
A196: 콥관음병 | B196: 무명 | C196: 408 | D196: 195 | E196: 양침
A197: 乄미리내 | B197: 혁명군 | C197: 409 | D197: 196
A198: 흰방 | B198: 무명 | C198: 411 | D198: 197 | E198: 양침
A199: W취자 | B199: 혁명군 | C199: 413 | D199: 198
A200: Mx야마토 | B200: 관중제장 | C200: 420 | D200: 199
A201: 虎초격차 | B201: 혁명군 | C201: 421 | D201: 200
A202: Mx허갈 | B202: 관중제장 | C202: 422 | D202: 201
A203: 必애리 | B203: 무명 | C203: 423 | D203: 202 | E203: 괴도
A204: 乄옴걸 | B204: 혁명군 | C204: 425 | D204: 203
A205: Beluga | B205: 혁명군 | C205: 426 | D205: 204
A206: 乄목재수비군 | B206: 혁명군 | C206: 428 | D206: 205
A207: 폐월 | B207: 관중제장 | C207: 429 | D207: 206
A208: 羊여름이다 | B208: 무명 | C208: 430 | D208: 207 | E208: 양침
A209: 글램핑 | B209: 무명 | C209: 432 | D209: 208 | E209: 주식
A210: 虎모래성 | B210: 혁명군 | C210: 433 | D210: 209
A211: 광색의용 | B211: 관중제장 | C211: 435 | D211: 210
A212: 乄공터수비군 | B212: 혁명군 | C212: 436 | D212: 211
A213: 금색의용 | B213: 관중제장 | C213: 437 | D213: 212
A214: 눈오던날 | B214: 무명 | C214: 438 | D214: 213 | E214: 날
A215: 성룡 | B215: 무명 | C215: 439 | D215: 214 | E215: 주식
A216: 凵참깨라면 | B216: 무명 | C216: 440 | D216: 215 | E216: 양침
A217: 삼성반도체 | B217: 혁명군 | C217: 441 | D217: 216
A218: Anemone | B218: 혁명군 | C218: 443 | D218: 217
A219: 麗빠다z | B219: 혁명군 | C219: 444 | D219: 218
A220: 마량 | B220: 무명 | C220: 446 | D220: 219 | E220: 양침
A221: 무가당코코아 | B221: 혁명군 | C221: 447 | D221: 220
A222: 주색의용 | B222: 관중제장 | C222: 448 | D222: 221
A223: Mx타니아 | B223: 관중제장 | C223: 449 | D223: 222
A224: 푸른별 | B224: 무명 | C224: 450 | D224: 223 | E224: 주식
A225: 술먹는날 | B225: 무명 | C225: 451 | D225: 224 | E225: 날
A226: 하드드링커z | B226: 혁명군 | C226: 452 | D226: 225
A227: 乄행쇼 | B227: 혁명군 | C227: 453 | D227: 226
A228: 풍색의용 | B228: 관중제장 | C228: 454 | D228: 227
A229: 성색의용 | B229: 관중제장 | C229: 455 | D229: 228
A230: 예주훈 | B230: 혁명군 | C230: 456 | D230: 229
A231: 羊십상시 | B231: 무명 | C231: 458 | D231: 230 | E231: 양침
A232: 爛여포 | B232: 무명 | C232: 460 | D232: 231 | E232: 괴도
A233: 必덴티도 | B233: 무명 | C233: 464 | D233: 232 | E233: 괴도
A234: 으아아니 | B234: 혁명군 | C234: 465 | D234: 233
A235: 세아사자핑 | B235: 무명 | C235: 467 | D235: 234 | E235: 주식
A236: 공손승 | B236: 관중제장 | C236: 468 | D236: 235
A237: 믿지마날 | B237: 무명 | C237: 469 | D237: 236 | E237: 날
A238: 효허우 | B238: 혁명군 | C238: 470 | D238: 237
A239: 乄윈터 | B239: 혁명군 | C239: 471 | D239: 238
A240: 乄루마틴 | B240: 혁명군 | C240: 473 | D240: 239
A241: 羊불닭 | B241: 무명 | C241: 474 | D241: 240 | E241: 양침
A242: Mx아거 | B242: 관중제장 | C242: 475 | D242: 241
A243: W미뇽뇽뇽 | B243: 혁명군 | C243: 476 | D243: 242
A244: 공손무 | B244: 관중제장 | C244: 477 | D244: 243
A245: 乄칠봉이 | B245: 혁명군 | C245: 479 | D245: 244
A246: 麗신이 | B246: 혁명군 | C246: 480 | D246: 245
A247: 사라진날 | B247: 무명 | C247: 483 | D247: 246 | E247: 날
A248: RZ각설탕 | B248: 관중제장 | C248: 490 | D248: 247
A249: JSON | B249: 무명 | C249: 491 | D249: 248 | E249: 괴도
A250: 별공 | B250: 귀농단 | C250: 492 | D250: 249
A251: W알슈 | B251: 혁명군 | C251: 493 | D251: 250
A252: 소혼 | B252: 무명 | C252: 496 | D252: 251 | E252: 주식
A253: 乄냠냠 | B253: 혁명군 | C253: 497 | D253: 252
A254: Mx천우 | B254: 관중제장 | C254: 498 | D254: 253
A255: 흰두광 | B255: 무명 | C255: 499 | D255: 254 | E255: 양침
A256: 义천마용용 | B256: 혁명군 | C256: 500 | D256: 255
A257: 파이프 | B257: 관중제장 | C257: 501 | D257: 256
A258: |조조| | B258: 혁명군 | C258: 502 | D258: 257
A259: 갑뿌 | B259: 무명 | C259: 503 | D259: 258 | E259: 주식
A260: 싸나이바로 | B260: 무명 | C260: 504 | D260: 259 | E260: 1
A261: Mx꿍형 | B261: 관중제장 | C261: 506 | D261: 260
A262: 초밥z | B262: 혁명군 | C262: 507 | D262: 261
A263: RZ카발란 | B263: 관중제장 | C263: 511 | D263: 262
A264: 로우z | B264: 혁명군 | C264: 513 | D264: 263
A265: 必꼬순내 | B265: 무명 | C265: 515 | D265: 264 | E265: 괴도
A266: 凵오징어잠봉 | B266: 무명 | C266: 516 | D266: 265 | E266: 양침
A267: 羊마산진빼이 | B267: 무명 | C267: 517 | D267: 266 | E267: 양침
A268: 삼성가노 | B268: 혁명군 | C268: 520 | D268: 267
A269: 每일공 | B269: 귀농단 | C269: 521 | D269: 268
A270: 麗비야 | B270: 혁명군 | C270: 523 | D270: 269
A271: RZ드라곤 | B271: 관중제장 | C271: 526 | D271: 270
A272: 카이사르 | B272: 혁명군 | C272: 529 | D272: 271
A273: 묵혼지주 | B273: 혁명군 | C273: 530 | D273: 272
A274: 귀농쿠공 | B274: 귀농단 | C274: 531 | D274: 273
A275: 우마왕 | B275: 관중제장 | C275: 535 | D275: 274
A276: RZ지인고문 | B276: 관중제장 | C276: 538 | D276: 275
...

Sheet 일간 데이터 변화 관측
AF1: 일간총계 | AG1: 월 | AK1: 화 | AP1: 수 | AU1: 목 | AZ1: 금 | BE1: 토 | BH1: 전체
C2: =SUM(C6:C200)/2 -> 21745246 | D2: =SUM(D6:D200) -> 188868 | E2: =SUM(E6:E200) -> 67599999 | F2: =SUM(F6:F200) -> 297440 | G2: =SUM(G6:G200) -> 24204538 | H2: =SUM(H6:H200) -> 2506807.5 | I2: =SUM(I6:I200) -> 108622 | J2: =SUM(J6:J200) -> 91217520 | K2: =SUM(K6:K200) -> 435626 | ... AA2: =SUM(AA6:AA200) -> 22749926 | AD2: =SUM(AD6:AD200)/7 -> 22969882 | AG2: =SUM(AG6:AG200) -> 22608471 | AK2: =SUM(AK6:AK200) -> 22796141 | AP2: =SUM(AP6:AP200) -> 24270310 | AU2: =SUM(AU6:AU200) -> 21370818 | AZ2: =SUM(AZ6:AZ200) -> 26585527 | BE2: =SUM(BE6:BE200) -> 27861947 | BH2: =AVERAGE(AQ2:BG2) -> 25272764
C4: 251008 0시 | E4: 251009 0시 | J4: 251010 0시 | O4: 251011 0시 | T4: 251012 0시 | Y4: 251013 0시 | AD4: 이번주 총전공 | AG4: 251013 | AI4: 251014 | AN4: 251015 | AS4: 251016 | AX4: 251017 | BC4: 251018 | BH4: 이번주 총전공
A5: 분류 | B5: 회원 | C5: 전공 월화 | D5: 협공이번주 | E5: 전공 이번주 | F5: 협공이번주 | G5: 전공 수 | H5: 전일비 증감 | I5: 협공 변화 | J5: 전공 이번주 | K5: 협공이번주 | L5: 전공 목 | M5: 전일비 증감 | N5: 협공 변화 | O5: 전공 이번주 | P5: 협공이번주 | Q5: 전공 금 | R5: 전일비 증감 | S5: 협공 변화 | T5: 전공 이번주 | U5: 협공이번주 | V5: 전공 토 | W5: 전일비 증감 | X5: 협공 변화 | Y5: 전공 이번주 | Z5: 협공이번주 | AA5: 전공 일 | AB5: 전일비 증감 | AC5: 협공 변화 | AD5: 전공 이번주 | AF5: 회원 | AG5: 전공 월 | AH5: 협공 월 | AI5: 전공 이번주 | AJ5: 협공이번주 | AK5: 전공 화 | AL5: 전일비 증감 | AM5: 협공 변화 | AN5: 전공 이번주 | AO5: 협공이번주 | AP5: 전공 수 | AQ5: 전일비 증감 | AR5: 협공 변화 | AS5: 전공 이번주 | AT5: 협공이번주 | AU5: 전공 목 | AV5: 전일비 증감 | AW5: 협공 변화 | AX5: 전공 이번주 | AY5: 협공이번주 | AZ5: 전공 금 | BA5: 전일비 증감 | BB5: 협공 변화 | BC5: 전공 이번주 | BD5: 협공이번주 | BE5: 전공 토 | BF5: 전일비 증감 | BG5: 협공 변화 | BH5: 전공 이번주
A6: 컬러단 | B6: 퍼플주에고 | C6: =VLOOKUP($B6,'251008_0시'!$A$1:$M$200,4,FALSE) -> 579586 | D6: =VLOOKUP($B6,'251008_0시'!$A$1:$M$200,5,FALSE) -> 0 | E6: =VLOOKUP($B6,'251009_0시'!$A$1:$M$200,4,FALSE) -> 890095 | F6: =VLOOKUP($B6,'251009_0시'!$A$1:$M$200,5,FALSE) -> 125 | G6: =E6-C6 -> 310509 | H6: =G6-(C6/2) -> 20716 | I6: =F6-D6 -> 125 | J6: =VLOOKUP($B6,'251010_0시'!$A$1:$M$200,4,FALSE) -> 1193165 | K6: =VLOOKUP($B6,'251010_0시'!$A$1:$M$200,5,FALSE) -> 1479 | L6: =J6-E6 -> 303070 | M6: =L6-G6 -> -7439 | N6: =K6-F6 -> 1354 | O6: =VLOOKUP($B6,'251011_0시'!$A$1:$M$200,4,FALSE) -> 1459498 | P6: =VLOOKUP($B6,'251011_0시'!$A$1:$M$200,5,FALSE) -> 1479 | Q6: =O6-J6 -> 266333 | R6: =Q6-L6 -> -36737 | S6: =P6-K6 -> 0 | T6: =VLOOKUP($B6,'251012_0시'!$A$1:$M$200,4,FALSE) -> 1780297 | U6: =VLOOKUP($B6,'251012_0시'!$A$1:$M$200,5,FALSE) -> 2169 | V6: =T6-O6 -> 320799 | W6: =V6-Q6 -> 54466 | X6: =U6-P6 -> 690 | Y6: =VLOOKUP($B6,'251013_0시'!$A$1:$M$200,4,FALSE) -> 2037354 | Z6: =VLOOKUP($B6,'251013_0시'!$A$1:$M$200,5,FALSE) -> 2169 | AA6: =Y6-T6 -> 257057 | AB6: =AA6-V6 -> -63742 | AC6: =Z6-U6 -> 0 | AD6: =VLOOKUP($B6,'251013_0시'!$A$1:$M$200,4,FALSE) -> 2037354 | AF6: 퍼플주에고 | AG6: =VLOOKUP($AF6,'251013'!$A$1:$M$200,4,FALSE) -> 330351 | AH6: =VLOOKUP($AF6,'251013'!$A$1:$M$200,5,FALSE) -> 749 | AI6: =VLOOKUP($AF6,'251014'!$A$1:$M$200,4,FALSE) -> 670298 | AJ6: =VLOOKUP($AF6,'251014'!$A$1:$M$200,5,FALSE) -> 1099 | AK6: =AI6-AG6 -> 339947 | AL6: =AK6-AG6 -> 9596 | AM6: =AJ6-AH6 -> 350 | AN6: =VLOOKUP($AF6,'251015'!$A$1:$M$200,4,FALSE) -> 1018569 | AO6: =VLOOKUP($AF6,'251015'!$A$1:$M$200,5,FALSE) -> 1099 | AP6: =AN6-AI6 -> 348271 | AQ6: =AP6-AK6 -> 8324 | AR6: =AO6-AJ6 -> 0 | AS6: =VLOOKUP($AF6,'251016'!$A$1:$M$200,4,FALSE) -> 1339982 | AT6: =VLOOKUP($AF6,'251016'!$A$1:$M$200,5,FALSE) -> 1099 | AU6: =AS6-AN6 -> 321413 | AV6: =AU6-AP6 -> -26858 | AW6: =AT6-AO6 -> 0 | AX6: =VLOOKUP($AF6,'251017'!$A$1:$M$200,4,FALSE) -> 1649119 | AY6: =VLOOKUP($AF6,'251017'!$A$1:$M$200,5,FALSE) -> 1099 | AZ6: =AX6-AS6 -> 309137 | BA6: =AZ6-AU6 -> -12276 | BB6: =AY6-AT6 -> 0 | BC6: =VLOOKUP($AF6,'251018'!$A$1:$M$200,4,FALSE) -> 2013815 | BD6: =VLOOKUP($AF6,'251018'!$A$1:$M$200,5,FALSE) -> 1099 | BE6: =BC6-AX6 -> 364696 | BF6: =BE6-AZ6 -> 55559 | BG6: =BD6-AY6 -> 0 | BH6: =VLOOKUP($AF6,'251018'!$A$1:$M$200,4,FALSE) -> 2013815
A7: 컬러단 | B7: 출항의날 | C7: =VLOOKUP($B7,'251008_0시'!$A$1:$M$200,4,FALSE) -> 484962 | D7: =VLOOKUP($B7,'251008_0시'!$A$1:$M$200,5,FALSE) -> 2250 | E7: =VLOOKUP($B7,'251009_0시'!$A$1:$M$200,4,FALSE) -> 785148 | F7: =VLOOKUP($B7,'251009_0시'!$A$1:$M$200,5,FALSE) -> 4118 | G7: =E7-C7 -> 300186 | H7: =G7-(C7/2) -> 57705 | I7: =F7-D7 -> 1868 | J7: =VLOOKUP($B7,'251010_0시'!$A$1:$M$200,4,FALSE) -> 1115404 | K7: =VLOOKUP($B7,'251010_0시'!$A$1:$M$200,5,FALSE) -> 6341 | L7: =J7-E7 -> 330256 | M7: =L7-G7 -> 30070 | N7: =K7-F7 -> 2223 | O7: =VLOOKUP($B7,'251011_0시'!$A$1:$M$200,4,FALSE) -> 1373166 | P7: =VLOOKUP($B7,'251011_0시'!$A$1:$M$200,5,FALSE) -> 8141 | Q7: =O7-J7 -> 257762 | R7: =Q7-L7 -> -72494 | S7: =P7-K7 -> 1800 | T7: =VLOOKUP($B7,'251012_0시'!$A$1:$M$200,4,FALSE) -> 1594086 | U7: =VLOOKUP($B7,'251012_0시'!$A$1:$M$200,5,FALSE) -> 10841 | V7: =T7-O7 -> 220920 | W7: =V7-Q7 -> -36842 | X7: =U7-P7 -> 2700 | Y7: =VLOOKUP($B7,'251013_0시'!$A$1:$M$200,4,FALSE) -> 1837514 | Z7: =VLOOKUP($B7,'251013_0시'!$A$1:$M$200,5,FALSE) -> 12191 | AA7: =Y7-T7 -> 243428 | AB7: =AA7-V7 -> 22508 | AC7: =Z7-U7 -> 1350 | AD7: =VLOOKUP($B7,'251013_0시'!$A$1:$M$200,4,FALSE) -> 1837514 | AF7: 출항의날 | AG7: =VLOOKUP($AF7,'251013'!$A$1:$M$200,4,FALSE) -> 241211 | AH7: =VLOOKUP($AF7,'251013'!$A$1:$M$200,5,FALSE) -> 2250 | AI7: =VLOOKUP($AF7,'251014'!$A$1:$M$200,4,FALSE) -> 469876 | AJ7: =VLOOKUP($AF7,'251014'!$A$1:$M$200,5,FALSE) -> 5400 | AK7: =AI7-AG7 -> 228665 | AL7: =AK7-AG7 -> -12546 | AM7: =AJ7-AH7 -> 3150 | AN7: =VLOOKUP($AF7,'251015'!$A$1:$M$200,4,FALSE) -> 784321 | AO7: =VLOOKUP($AF7,'251015'!$A$1:$M$200,5,FALSE) -> 9000 | AP7: =AN7-AI7 -> 314445 | AQ7: =AP7-AK7 -> 85780 | AR7: =AO7-AJ7 -> 3600 | AS7: =VLOOKUP($AF7,'251016'!$A$1:$M$200,4,FALSE) -> 1090077 | AT7: =VLOOKUP($AF7,'251016'!$A$1:$M$200,5,FALSE) -> 10350 | AU7: =AS7-AN7 -> 305756 | AV7: =AU7-AP7 -> -8689 | AW7: =AT7-AO7 -> 1350 | AX7: =VLOOKUP($AF7,'251017'!$A$1:$M$200,4,FALSE) -> 1442572 | AY7: =VLOOKUP($AF7,'251017'!$A$1:$M$200,5,FALSE) -> 13050 | AZ7: =AX7-AS7 -> 352495 | BA7: =AZ7-AU7 -> 46739 | BB7: =AY7-AT7 -> 2700 | BC7: =VLOOKUP($AF7,'251018'!$A$1:$M$200,4,FALSE) -> 1763709 | BD7: =VLOOKUP($AF7,'251018'!$A$1:$M$200,5,FALSE) -> 14850 | BE7: =BC7-AX7 -> 321137 | BF7: =BE7-AZ7 -> -31358 | BG7: =BD7-AY7 -> 1800 | BH7: =VLOOKUP($AF7,'251018'!$A$1:$M$200,4,FALSE) -> 1763709
A8: 컬러단 | B8: 컬러단장용스 | C8: =VLOOKUP($B8,'251008_0시'!$A$1:$M$200,4,FALSE) -> 543549 | D8: =VLOOKUP($B8,'251008_0시'!$A$1:$M$200,5,FALSE) -> 350 | E8: =VLOOKUP($B8,'251009_0시'!$A$1:$M$200,4,FALSE) -> 847511 | F8: =VLOOKUP($B8,'251009_0시'!$A$1:$M$200,5,FALSE) -> 350 | G8: =E8-C8 -> 303962 | H8: =G8-(C8/2) -> 32187.5 | I8: =F8-D8 -> 0 | J8: =VLOOKUP($B8,'251010_0시'!$A$1:$M$200,4,FALSE) -> 1083278 | K8: =VLOOKUP($B8,'251010_0시'!$A$1:$M$200,5,FALSE) -> 1609 | L8: =J8-E8 -> 235767 | M8: =L8-G8 -> -68195 | N8: =K8-F8 -> 1259 | O8: =VLOOKUP($B8,'251011_0시'!$A$1:$M$200,4,FALSE) -> 1368716 | P8: =VLOOKUP($B8,'251011_0시'!$A$1:$M$200,5,FALSE) -> 1609 | Q8: =O8-J8 -> 285438 | R8: =Q8-L8 -> 49671 | S8: =P8-K8 -> 0 | T8: =VLOOKUP($B8,'251012_0시'!$A$1:$M$200,4,FALSE) -> 1607213 | U8: =VLOOKUP($B8,'251012_0시'!$A$1:$M$200,5,FALSE) -> 1609 | V8: =T8-O8 -> 238497 | W8: =V8-Q8 -> -46941 | X8: =U8-P8 -> 0 | Y8: =VLOOKUP($B8,'251013_0시'!$A$1:$M$200,4,FALSE) -> 1820685 | Z8: =VLOOKUP($B8,'251013_0시'!$A$1:$M$200,5,FALSE) -> 1959 | AA8: =Y8-T8 -> 213472 | AB8: =AA8-V8 -> -25025 | AC8: =Z8-U8 -> 350 | AD8: =VLOOKUP($B8,'251013_0시'!$A$1:$M$200,4,FALSE) -> 1820685 | AF8: 컬러단장용스 | AG8: =VLOOKUP($AF8,'251013'!$A$1:$M$200,4,FALSE) -> 245960 | AH8: =VLOOKUP($AF8,'251013'!$A$1:$M$200,5,FALSE) -> 0 | AI8: =VLOOKUP($AF8,'251014'!$A$1:$M$200,4,FALSE) -> 525865 | AJ8: =VLOOKUP($AF8,'251014'!$A$1:$M$200,5,FALSE) -> 0 | AK8: =AI8-AG8 -> 279905 | AL8: =AK8-AG8 -> 33945 | AM8: =AJ8-AH8 -> 0 | AN8: =VLOOKUP($AF8,'251015'!$A$1:$M$200,4,FALSE) -> 831829 | AO8: =VLOOKUP($AF8,'251015'!$A$1:$M$200,5,FALSE) -> 0 | AP8: =AN8-AI8 -> 305964 | AQ8: =AP8-AK8 -> 26059 | AR8: =AO8-AJ8 -> 0 | AS8: =VLOOKUP($AF8,'251016'!$A$1:$M$200,4,FALSE) -> 1076326 | AT8: =VLOOKUP($AF8,'251016'!$A$1:$M$200,5,FALSE) -> 0 | AU8: =AS8-AN8 -> 244497 | AV8: =AU8-AP8 -> -61467 | AW8: =AT8-AO8 -> 0 | AX8: =VLOOKUP($AF8,'251017'!$A$1:$M$200,4,FALSE) -> 1321299 | AY8: =VLOOKUP($AF8,'251017'!$A$1:$M$200,5,FALSE) -> 0 | AZ8: =AX8-AS8 -> 244973 | BA8: =AZ8-AU8 -> 476 | BB8: =AY8-AT8 -> 0 | BC8: =VLOOKUP($AF8,'251018'!$A$1:$M$200,4,FALSE) -> 1635689 | BD8: =VLOOKUP($AF8,'251018'!$A$1:$M$200,5,FALSE) -> 0 | BE8: =BC8-AX8 -> 314390 | BF8: =BE8-AZ8 -> 69417 | BG8: =BD8-AY8 -> 0 | BH8: =VLOOKUP($AF8,'251018'!$A$1:$M$200,4,FALSE) -> 1635689
B9: 必비트핑 | C9: =VLOOKUP($B9,'251008_0시'!$A$1:$M$200,4,FALSE) -> 555036 | D9: =VLOOKUP($B9,'251008_0시'!$A$1:$M$200,5,FALSE) -> 0 | E9: =VLOOKUP($B9,'251009_0시'!$A$1:$M$200,4,FALSE) -> 767622 | F9: =VLOOKUP($B9,'251009_0시'!$A$1:$M$200,5,FALSE) -> 0 | G9: =E9-C9 -> 212586 | H9: =G9-(C9/2) -> -64932 | I9: =F9-D9 -> 0 | J9: =VLOOKUP($B9,'251010_0시'!$A$1:$M$200,4,FALSE) -> 1030367 | K9: =VLOOKUP($B9,'251010_0시'!$A$1:$M$200,5,FALSE) -> 394 | L9: =J9-E9 -> 262745 | M9: =L9-G9 -> 50159 | N9: =K9-F9 -> 394 | O9: =VLOOKUP($B9,'251011_0시'!$A$1:$M$200,4,FALSE) -> 1268708 | P9: =VLOOKUP($B9,'251011_0시'!$A$1:$M$200,5,FALSE) -> 394 | Q9: =O9-J9 -> 238341 | R9: =Q9-L9 -> -24404 | S9: =P9-K9 -> 0 | T9: =VLOOKUP($B9,'251012_0시'!$A$1:$M$200,4,FALSE) -> 1524791 | U9: =VLOOKUP($B9,'251012_0시'!$A$1:$M$200,5,FALSE) -> 1144 | V9: =T9-O9 -> 256083 | W9: =V9-Q9 -> 17742 | X9: =U9-P9 -> 750 | Y9: =VLOOKUP($B9,'251013_0시'!$A$1:$M$200,4,FALSE) -> 1811691 | Z9: =VLOOKUP($B9,'251013_0시'!$A$1:$M$200,5,FALSE) -> 1144 | AA9: =Y9-T9 -> 286900 | AB9: =AA9-V9 -> 30817 | AC9: =Z9-U9 -> 0 | AD9: =VLOOKUP($B9,'251013_0시'!$A$1:$M$200,4,FALSE) -> 1811691 | AF9: 흰밤 | AG9: =VLOOKUP($AF9,'251013'!$A$1:$M$200,4,FALSE) -> 209816 | AH9: =VLOOKUP($AF9,'251013'!$A$1:$M$200,5,FALSE) -> 50 | AI9: =VLOOKUP($AF9,'251014'!$A$1:$M$200,4,FALSE) -> 476059 | AJ9: =VLOOKUP($AF9,'251014'!$A$1:$M$200,5,FALSE) -> 400 | AK9: =AI9-AG9 -> 266243 | AL9: =AK9-AG9 -> 56427 | AM9: =AJ9-AH9 -> 350 | AN9: =VLOOKUP($AF9,'251015'!$A$1:$M$200,4,FALSE) -> 739251 | AO9: =VLOOKUP($AF9,'251015'!$A$1:$M$200,5,FALSE) -> 400 | AP9: =AN9-AI9 -> 263192 | AQ9: =AP9-AK9 -> -3051 | AR9: =AO9-AJ9 -> 0 | AS9: =VLOOKUP($AF9,'251016'!$A$1:$M$200,4,FALSE) -> 944140 | AT9: =VLOOKUP($AF9,'251016'!$A$1:$M$200,5,FALSE) -> 400 | AU9: =AS9-AN9 -> 204889 | AV9: =AU9-AP9 -> -58303 | AW9: =AT9-AO9 -> 0 | AX9: =VLOOKUP($AF9,'251017'!$A$1:$M$200,4,FALSE) -> 1260665 | AY9: =VLOOKUP($AF9,'251017'!$A$1:$M$200,5,FALSE) -> 703 | AZ9: =AX9-AS9 -> 316525 | BA9: =AZ9-AU9 -> 111636 | BB9: =AY9-AT9 -> 303 | BC9: =VLOOKUP($AF9,'251018'!$A$1:$M$200,4,FALSE) -> 1576790 | BD9: =VLOOKUP($AF9,'251018'!$A$1:$M$200,5,FALSE) -> 703 | BE9: =BC9-AX9 -> 316125 | BF9: =BE9-AZ9 -> -400 | BG9: =BD9-AY9 -> 0 | BH9: =VLOOKUP($AF9,'251018'!$A$1:$M$200,4,FALSE) -> 1576790
B10: 흰밤 | C10: =VLOOKUP($B10,'251008_0시'!$A$1:$M$200,4,FALSE) -> 555403 | D10: =VLOOKUP($B10,'251008_0시'!$A$1:$M$200,5,FALSE) -> 138 | E10: =VLOOKUP($B10,'251009_0시'!$A$1:$M$200,4,FALSE) -> 830233 | F10: =VLOOKUP($B10,'251009_0시'!$A$1:$M$200,5,FALSE) -> 138 | G10: =E10-C10 -> 274830 | H10: =G10-(C10/2) -> -2871.5 | I10: =F10-D10 -> 0 | J10: =VLOOKUP($B10,'251010_0시'!$A$1:$M$200,4,FALSE) -> 1108677 | K10: =VLOOKUP($B10,'251010_0시'!$A$1:$M$200,5,FALSE) -> 777 | L10: =J10-E10 -> 278444 | M10: =L10-G10 -> 3614 | N10: =K10-F10 -> 639 | O10: =VLOOKUP($B10,'251011_0시'!$A$1:$M$200,4,FALSE) -> 1375719 | P10: =VLOOKUP($B10,'251011_0시'!$A$1:$M$200,5,FALSE) -> 777 | Q10: =O10-J10 -> 267042 | R10: =Q10-L10 -> -11402 | S10: =P10-K10 -> 0 | T10: =VLOOKUP($B10,'251012_0시'!$A$1:$M$200,4,FALSE) -> 1616138 | U10: =VLOOKUP($B10,'251012_0시'!$A$1:$M$200,5,FALSE) -> 777 | V10: =T10-O10 -> 240419 | W10: =V10-Q10 -> -26623 | X10: =U10-P10 -> 0 | Y10: =VLOOKUP($B10,'251013_0시'!$A$1:$M$200,4,FALSE) -> 1800174 | Z10: =VLOOKUP($B10,'251013_0시'!$A$1:$M$200,5,FALSE) -> 777 | AA10: =Y10-T10 -> 184036 | AB10: =AA10-V10 -> -56383 | AC10: =Z10-U10 -> 0 | AD10: =VLOOKUP($B10,'251013_0시'!$A$1:$M$200,4,FALSE) -> 1800174 | AF10: 검정말릭 | AG10: =VLOOKUP($AF10,'251013'!$A$1:$M$200,4,FALSE) -> 228826 | AH10: =VLOOKUP($AF10,'251013'!$A$1:$M$200,5,FALSE) -> 0 | AI10: =VLOOKUP($AF10,'251014'!$A$1:$M$200,4,FALSE) -> 500805 | AJ10: =VLOOKUP($AF10,'251014'!$A$1:$M$200,5,FALSE) -> 0 | AK10: =AI10-AG10 -> 271979 | AL10: =AK10-AG10 -> 43153 | AM10: =AJ10-AH10 -> 0 | AN10: =VLOOKUP($AF10,'251015'!$A$1:$M$200,4,FALSE) -> 731504 | AO10: =VLOOKUP($AF10,'251015'!$A$1:$M$200,5,FALSE) -> 0 | AP10: =AN10-AI10 -> 230699 | AQ10: =AP10-AK10 -> -41280 | AR10: =AO10-AJ10 -> 0 | AS10: =VLOOKUP($AF10,'251016'!$A$1:$M$200,4,FALSE) -> 950077 | AT10: =VLOOKUP($AF10,'251016'!$A$1:$M$200,5,FALSE) -> 0 | AU10: =AS10-AN10 -> 218573 | AV10: =AU10-AP10 -> -12126 | AW10: =AT10-AO10 -> 0 | AX10: =VLOOKUP($AF10,'251017'!$A$1:$M$200,4,FALSE) -> 1260681 | AY10: =VLOOKUP($AF10,'251017'!$A$1:$M$200,5,FALSE) -> 96 | AZ10: =AX10-AS10 -> 310604 | BA10: =AZ10-AU10 -> 92031 | BB10: =AY10-AT10 -> 96 | BC10: =VLOOKUP($AF10,'251018'!$A$1:$M$200,4,FALSE) -> 1535535 | BD10: =VLOOKUP($AF10,'251018'!$A$1:$M$200,5,FALSE) -> 96 | BE10: =BC10-AX10 -> 274854 | BF10: =BE10-AZ10 -> -35750 | BG10: =BD10-AY10 -> 0 | BH10: =VLOOKUP($AF10,'251018'!$A$1:$M$200,4,FALSE) -> 1535535
B11: 株이직 | C11: =VLOOKUP($B11,'251008_0시'!$A$1:$M$200,4,FALSE) -> 531460 | D11: =VLOOKUP($B11,'251008_0시'!$A$1:$M$200,5,FALSE) -> 520 | E11: =VLOOKUP($B11,'251009_0시'!$A$1:$M$200,4,FALSE) -> 789788 | F11: =VLOOKUP($B11,'251009_0시'!$A$1:$M$200,5,FALSE) -> 520 | G11: =E11-C11 -> 258328 | H11: =G11-(C11/2) -> -7402 | I11: =F11-D11 -> 0 | J11: =VLOOKUP($B11,'251010_0시'!$A$1:$M$200,4,FALSE) -> 1027354 | K11: =VLOOKUP($B11,'251010_0시'!$A$1:$M$200,5,FALSE) -> 520 | L11: =J11-E11 -> 237566 | M11: =L11-G11 -> -20762 | N11: =K11-F11 -> 0 | O11: =VLOOKUP($B11,'251011_0시'!$A$1:$M$200,4,FALSE) -> 1226311 | P11: =VLOOKUP($B11,'251011_0시'!$A$1:$M$200,5,FALSE) -> 520 | Q11: =O11-J11 -> 198957 | R11: =Q11-L11 -> -38609 | S11: =P11-K11 -> 0 | T11: =VLOOKUP($B11,'251012_0시'!$A$1:$M$200,4,FALSE) -> 1486101 | U11: =VLOOKUP($B11,'251012_0시'!$A$1:$M$200,5,FALSE) -> 520 | V11: =T11-O11 -> 259790 | W11: =V11-Q11 -> 60833 | X11: =U11-P11 -> 0 | Y11: =VLOOKUP($B11,'251013_0시'!$A$1:$M$200,4,FALSE) -> 1732790 | Z11: =VLOOKUP($B11,'251013_0시'!$A$1:$M$200,5,FALSE) -> 1180 | AA11: =Y11-T11 -> 246689 | AB11: =AA11-V11 -> -13101 | AC11: =Z11-U11 -> 660 | AD11: =VLOOKUP($B11,'251013_0시'!$A$1:$M$200,4,FALSE) -> 1732790 | AF11: 必비숍 | AG11: =VLOOKUP($AF11,'251013'!$A$1:$M$200,4,FALSE) -> 270842 | AH11: =VLOOKUP($AF11,'251013'!$A$1:$M$200,5,FALSE) -> 900 | AI11: =VLOOKUP($AF11,'251014'!$A$1:$M$200,4,FALSE) -> 530177 | AJ11: =VLOOKUP($AF11,'251014'!$A$1:$M$200,5,FALSE) -> 3150 | AK11: =AI11-AG11 -> 259335 | AL11: =AK11-AG11 -> -11507 | AM11: =AJ11-AH11 -> 2250 | AN11: =VLOOKUP($AF11,'251015'!$A$1:$M$200,4,FALSE) -> 784748 | AO11: =VLOOKUP($AF11,'251015'!$A$1:$M$200,5,FALSE) -> 3600 | AP11: =AN11-AI11 -> 254571 | AQ11: =AP11-AK11 -> -4764 | AR11: =AO11-AJ11 -> 450 | AS11: =VLOOKUP($AF11,'251016'!$A$1:$M$200,4,FALSE) -> 1034539 | AT11: =VLOOKUP($AF11,'251016'!$A$1:$M$200,5,FALSE) -> 4500 | AU11: =AS11-AN11 -> 249791 | AV11: =AU11-AP11 -> -4780 | AW11: =AT11-AO11 -> 900 | AX11: =VLOOKUP($AF11,'251017'!$A$1:$M$200,4,FALSE) -> 1244290 | AY11: =VLOOKUP($AF11,'251017'!$A$1:$M$200,5,FALSE) -> 5400 | AZ11: =AX11-AS11 -> 209751 | BA11: =AZ11-AU11 -> -40040 | BB11: =AY11-AT11 -> 900 | BC11: =VLOOKUP($AF11,'251018'!$A$1:$M$200,4,FALSE) -> 1533455 | BD11: =VLOOKUP($AF11,'251018'!$A$1:$M$200,5,FALSE) -> 5850 | BE11: =BC11-AX11 -> 289165 | BF11: =BE11-AZ11 -> 79414 | BG11: =BD11-AY11 -> 450 | BH11: =VLOOKUP($AF11,'251018'!$A$1:$M$200,4,FALSE) -> 1533455
B12: 羊양제 | C12: =VLOOKUP($B12,'251008_0시'!$A$1:$M$200,4,FALSE) -> 514814 | D12: =VLOOKUP($B12,'251008_0시'!$A$1:$M$200,5,FALSE) -> 470 | E12: =VLOOKUP($B12,'251009_0시'!$A$1:$M$200,4,FALSE) -> 790157 | F12: =VLOOKUP($B12,'251009_0시'!$A$1:$M$200,5,FALSE) -> 625 | G12: =E12-C12 -> 275343 | H12: =G12-(C12/2) -> 17936 | I12: =F12-D12 -> 155 | J12: =VLOOKUP($B12,'251010_0시'!$A$1:$M$200,4,FALSE) -> 992565 | K12: =VLOOKUP($B12,'251010_0시'!$A$1:$M$200,5,FALSE) -> 3173 | L12: =J12-E12 -> 202408 | M12: =L12-G12 -> -72935 | N12: =K12-F12 -> 2548 | O12: =VLOOKUP($B12,'251011_0시'!$A$1:$M$200,4,FALSE) -> 1236123 | P12: =VLOOKUP($B12,'251011_0시'!$A$1:$M$200,5,FALSE) -> 5473 | Q12: =O12-J12 -> 243558 | R12: =Q12-L12 -> 41150 | S12: =P12-K12 -> 2300 | T12: =VLOOKUP($B12,'251012_0시'!$A$1:$M$200,4,FALSE) -> 1457313 | U12: =VLOOKUP($B12,'251012_0시'!$A$1:$M$200,5,FALSE) -> 8223 | V12: =T12-O12 -> 221190 | W12: =V12-Q12 -> -22368 | X12: =U12-P12 -> 2750 | Y12: =VLOOKUP($B12,'251013_0시'!$A$1:$M$200,4,FALSE) -> 1692915 | Z12: =VLOOKUP($B12,'251013_0시'!$A$1:$M$200,5,FALSE) -> 8223 | AA12: =Y12-T12 -> 235602 | AB12: =AA12-V12 -> 14412 | AC12: =Z12-U12 -> 0 | AD12: =VLOOKUP($B12,'251013_0시'!$A$1:$M$200,4,FALSE) -> 1692915 | AF12: 羊이정재 | AG12: =VLOOKUP($AF12,'251013'!$A$1:$M$200,4,FALSE) -> 226184 | AH12: =VLOOKUP($AF12,'251013'!$A$1:$M$200,5,FALSE) -> 0 | AI12: =VLOOKUP($AF12,'251014'!$A$1:$M$200,4,FALSE) -> 444448 | AJ12: =VLOOKUP($AF12,'251014'!$A$1:$M$200,5,FALSE) -> 0 | AK12: =AI12-AG12 -> 218264 | AL12: =AK12-AG12 -> -7920 | AM12: =AJ12-AH12 -> 0 | AN12: =VLOOKUP($AF12,'251015'!$A$1:$M$200,4,FALSE) -> 657901 | AO12: =VLOOKUP($AF12,'251015'!$A$1:$M$200,5,FALSE) -> 0 | AP12: =AN12-AI12 -> 213453 | AQ12: =AP12-AK12 -> -4811 | AR12: =AO12-AJ12 -> 0 | AS12: =VLOOKUP($AF12,'251016'!$A$1:$M$200,4,FALSE) -> 890726 | AT12: =VLOOKUP($AF12,'251016'!$A$1:$M$200,5,FALSE) -> 0 | AU12: =AS12-AN12 -> 232825 | AV12: =AU12-AP12 -> 19372 | AW12: =AT12-AO12 -> 0 | AX12: =VLOOKUP($AF12,'251017'!$A$1:$M$200,4,FALSE) -> 1222428 | AY12: =VLOOKUP($AF12,'251017'!$A$1:$M$200,5,FALSE) -> 0 | AZ12: =AX12-AS12 -> 331702 | BA12: =AZ12-AU12 -> 98877 | BB12: =AY12-AT12 -> 0 | BC12: =VLOOKUP($AF12,'251018'!$A$1:$M$200,4,FALSE) -> 1518890 | BD12: =VLOOKUP($AF12,'251018'!$A$1:$M$200,5,FALSE) -> 0 | BE12: =BC12-AX12 -> 296462 | BF12: =BE12-AZ12 -> -35240 | BG12: =BD12-AY12 -> 0 | BH12: =VLOOKUP($AF12,'251018'!$A$1:$M$200,4,FALSE) -> 1518890
B13: 凵너구리 | C13: =VLOOKUP($B13,'251008_0시'!$A$1:$M$200,4,FALSE) -> 457051 | D13: =VLOOKUP($B13,'251008_0시'!$A$1:$M$200,5,FALSE) -> 3500 | E13: =VLOOKUP($B13,'251009_0시'!$A$1:$M$200,4,FALSE) -> 687373 | F13: =VLOOKUP($B13,'251009_0시'!$A$1:$M$200,5,FALSE) -> 3640 | G13: =E13-C13 -> 230322 | H13: =G13-(C13/2) -> 1796.5 | I13: =F13-D13 -> 140 | J13: =VLOOKUP($B13,'251010_0시'!$A$1:$M$200,4,FALSE) -> 920962 | K13: =VLOOKUP($B13,'251010_0시'!$A$1:$M$200,5,FALSE) -> 4448 | L13: =J13-E13 -> 233589 | M13: =L13-G13 -> 3267 | N13: =K13-F13 -> 808 | O13: =VLOOKUP($B13,'251011_0시'!$A$1:$M$200,4,FALSE) -> 1172448 | P13: =VLOOKUP($B13,'251011_0시'!$A$1:$M$200,5,FALSE) -> 4448 | Q13: =O13-J13 -> 251486 | R13: =Q13-L13 -> 17897 | S13: =P13-K13 -> 0 | T13: =VLOOKUP($B13,'251012_0시'!$A$1:$M$200,4,FALSE) -> 1422270 | U13: =VLOOKUP($B13,'251012_0시'!$A$1:$M$200,5,FALSE) -> 4448 | V13: =T13-O13 -> 249822 | W13: =V13-Q13 -> -1664 | X13: =U13-P13 -> 0 | Y13: =VLOOKUP($B13,'251013_0시'!$A$1:$M$200,4,FALSE) -> 1655021 | Z13: =VLOOKUP($B13,'251013_0시'!$A$1:$M$200,5,FALSE) -> 4448 | AA13: =Y13-T13 -> 232751 | AB13: =AA13-V13 -> -17071 | AC13: =Z13-U13 -> 0 | AD13: =VLOOKUP($B13,'251013_0시'!$A$1:$M$200,4,FALSE) -> 1655021 | AF13: 羊양제 | AG13: =VLOOKUP($AF13,'251013'!$A$1:$M$200,4,FALSE) -> 240761 | AH13: =VLOOKUP($AF13,'251013'!$A$1:$M$200,5,FALSE) -> 958 | AI13: =VLOOKUP($AF13,'251014'!$A$1:$M$200,4,FALSE) -> 488489 | AJ13: =VLOOKUP($AF13,'251014'!$A$1:$M$200,5,FALSE) -> 958 | AK13: =AI13-AG13 -> 247728 | AL13: =AK13-AG13 -> 6967 | AM13: =AJ13-AH13 -> 0 | AN13: =VLOOKUP($AF13,'251015'!$A$1:$M$200,4,FALSE) -> 731367 | AO13: =VLOOKUP($AF13,'251015'!$A$1:$M$200,5,FALSE) -> 1078 | AP13: =AN13-AI13 -> 242878 | AQ13: =AP13-AK13 -> -4850 | AR13: =AO13-AJ13 -> 120 | AS13: =VLOOKUP($AF13,'251016'!$A$1:$M$200,4,FALSE) -> 938663 | AT13: =VLOOKUP($AF13,'251016'!$A$1:$M$200,5,FALSE) -> 1078 | AU13: =AS13-AN13 -> 207296 | AV13: =AU13-AP13 -> -35582 | AW13: =AT13-AO13 -> 0 | AX13: =VLOOKUP($AF13,'251017'!$A$1:$M$200,4,FALSE) -> 1239641 | AY13: =VLOOKUP($AF13,'251017'!$A$1:$M$200,5,FALSE) -> 1536 | AZ13: =AX13-AS13 -> 300978 | BA13: =AZ13-AU13 -> 93682 | BB13: =AY13-AT13 -> 458 | BC13: =VLOOKUP($AF13,'251018'!$A$1:$M$200,4,FALSE) -> 1485624 | BD13: =VLOOKUP($AF13,'251018'!$A$1:$M$200,5,FALSE) -> 1536 | BE13: =BC13-AX13 -> 245983 | BF13: =BE13-AZ13 -> -54995 | BG13: =BD13-AY13 -> 0 | BH13: =VLOOKUP($AF13,'251018'!$A$1:$M$200,4,FALSE) -> 1485624
B14: SKELTON | C14: =VLOOKUP($B14,'251008_0시'!$A$1:$M$200,4,FALSE) -> 409228 | D14: =VLOOKUP($B14,'251008_0시'!$A$1:$M$200,5,FALSE) -> 350 | E14: =VLOOKUP($B14,'251009_0시'!$A$1:$M$200,4,FALSE) -> 637483 | F14: =VLOOKUP($B14,'251009_0시'!$A$1:$M$200,5,FALSE) -> 700 | G14: =E14-C14 -> 228255 | H14: =G14-(C14/2) -> 23641 | I14: =F14-D14 -> 350 | J14: =VLOOKUP($B14,'251010_0시'!$A$1:$M$200,4,FALSE) -> 887843 | K14: =VLOOKUP($B14,'251010_0시'!$A$1:$M$200,5,FALSE) -> 1301 | L14: =J14-E14 -> 250360 | M14: =L14-G14 -> 22105 | N14: =K14-F14 -> 601 | O14: =VLOOKUP($B14,'251011_0시'!$A$1:$M$200,4,FALSE) -> 1113946 | P14: =VLOOKUP($B14,'251011_0시'!$A$1:$M$200,5,FALSE) -> 1301 | Q14: =O14-J14 -> 226103 | R14: =Q14-L14 -> -24257 | S14: =P14-K14 -> 0 | T14: =VLOOKUP($B14,'251012_0시'!$A$1:$M$200,4,FALSE) -> 1338358 | U14: =VLOOKUP($B14,'251012_0시'!$A$1:$M$200,5,FALSE) -> 1483 | V14: =T14-O14 -> 224412 | W14: =V14-Q14 -> -1691 | X14: =U14-P14 -> 182 | Y14: =VLOOKUP($B14,'251013_0시'!$A$1:$M$200,4,FALSE) -> 1582668 | Z14: =VLOOKUP($B14,'251013_0시'!$A$1:$M$200,5,FALSE) -> 1579 | AA14: =Y14-T14 -> 244310 | AB14: =AA14-V14 -> 19898 | AC14: =Z14-U14 -> 96 | AD14: =VLOOKUP($B14,'251013_0시'!$A$1:$M$200,4,FALSE) -> 1582668 | AF14: 凵너구리 | AG14: =VLOOKUP($AF14,'251013'!$A$1:$M$200,4,FALSE) -> 236758 | AH14: =VLOOKUP($AF14,'251013'!$A$1:$M$200,5,FALSE) -> 700 | AI14: =VLOOKUP($AF14,'251014'!$A$1:$M$200,4,FALSE) -> 495420 | AJ14: =VLOOKUP($AF14,'251014'!$A$1:$M$200,5,FALSE) -> 700 | AK14: =AI14-AG14 -> 258662 | AL14: =AK14-AG14 -> 21904 | AM14: =AJ14-AH14 -> 0 | AN14: =VLOOKUP($AF14,'251015'!$A$1:$M$200,4,FALSE) -> 728959 | AO14: =VLOOKUP($AF14,'251015'!$A$1:$M$200,5,FALSE) -> 1104 | AP14: =AN14-AI14 -> 233539 | AQ14: =AP14-AK14 -> -25123 | AR14: =AO14-AJ14 -> 404 | AS14: =VLOOKUP($AF14,'251016'!$A$1:$M$200,4,FALSE) -> 984227 | AT14: =VLOOKUP($AF14,'251016'!$A$1:$M$200,5,FALSE) -> 1104 | AU14: =AS14-AN14 -> 255268 | AV14: =AU14-AP14 -> 21729 | AW14: =AT14-AO14 -> 0 | AX14: =VLOOKUP($AF14,'251017'!$A$1:$M$200,4,FALSE) -> 1230210 | AY14: =VLOOKUP($AF14,'251017'!$A$1:$M$200,5,FALSE) -> 1205 | AZ14: =AX14-AS14 -> 245983 | BA14: =AZ14-AU14 -> -9285 | BB14: =AY14-AT14 -> 101 | BC14: =VLOOKUP($AF14,'251018'!$A$1:$M$200,4,FALSE) -> 1477503 | BD14: =VLOOKUP($AF14,'251018'!$A$1:$M$200,5,FALSE) -> 1205 | BE14: =BC14-AX14 -> 247293 | BF14: =BE14-AZ14 -> 1310 | BG14: =BD14-AY14 -> 0 | BH14: =VLOOKUP($AF14,'251018'!$A$1:$M$200,4,FALSE) -> 1477503
B15: 必블리파파 | C15: =VLOOKUP($B15,'251008_0시'!$A$1:$M$200,4,FALSE) -> 440239 | D15: =VLOOKUP($B15,'251008_0시'!$A$1:$M$200,5,FALSE) -> 0 | E15: =VLOOKUP($B15,'251009_0시'!$A$1:$M$200,4,FALSE) -> 548384 | F15: =VLOOKUP($B15,'251009_0시'!$A$1:$M$200,5,FALSE) -> 0 | G15: =E15-C15 -> 108145 | H15: =G15-(C15/2) -> -111974.5 | I15: =F15-D15 -> 0 | J15: =VLOOKUP($B15,'251010_0시'!$A$1:$M$200,4,FALSE) -> 845354 | K15: =VLOOKUP($B15,'251010_0시'!$A$1:$M$200,5,FALSE) -> 0 | L15: =J15-E15 -> 296970 | M15: =L15-G15 -> 188825 | N15: =K15-F15 -> 0 | O15: =VLOOKUP($B15,'251011_0시'!$A$1:$M$200,4,FALSE) -> 1067955 | P15: =VLOOKUP($B15,'251011_0시'!$A$1:$M$200,5,FALSE) -> 350 | Q15: =O15-J15 -> 222601 | R15: =Q15-L15 -> -74369 | S15: =P15-K15 -> 350 | T15: =VLOOKUP($B15,'251012_0시'!$A$1:$M$200,4,FALSE) -> 1300582 | U15: =VLOOKUP($B15,'251012_0시'!$A$1:$M$200,5,FALSE) -> 350 | V15: =T15-O15 -> 232627 | W15: =V15-Q15 -> 10026 | X15: =U15-P15 -> 0 | Y15: =VLOOKUP($B15,'251013_0시'!$A$1:$M$200,4,FALSE) -> 1533140 | Z15: =VLOOKUP($B15,'251013_0시'!$A$1:$M$200,5,FALSE) -> 350 | AA15: =Y15-T15 -> 232558 | AB15: =AA15-V15 -> -69 | AC15: =Z15-U15 -> 0 | AD15: =VLOOKUP($B15,'251013_0시'!$A$1:$M$200,4,FALSE) -> 1533140 | AF15: 必블리파파 | AG15: =VLOOKUP($AF15,'251013'!$A$1:$M$200,4,FALSE) -> 205283 | AH15: =VLOOKUP($AF15,'251013'!$A$1:$M$200,5,FALSE) -> 0 | AI15: =VLOOKUP($AF15,'251014'!$A$1:$M$200,4,FALSE) -> 423932 | AJ15: =VLOOKUP($AF15,'251014'!$A$1:$M$200,5,FALSE) -> 350 | AK15: =AI15-AG15 -> 218649 | AL15: =AK15-AG15 -> 13366 | AM15: =AJ15-AH15 -> 350 | AN15: =VLOOKUP($AF15,'251015'!$A$1:$M$200,4,FALSE) -> 659101 | AO15: =VLOOKUP($AF15,'251015'!$A$1:$M$200,5,FALSE) -> 350 | AP15: =AN15-AI15 -> 235169 | AQ15: =AP15-AK15 -> 16520 | AR15: =AO15-AJ15 -> 0 | AS15: =VLOOKUP($AF15,'251016'!$A$1:$M$200,4,FALSE) -> 872104 | AT15: =VLOOKUP($AF15,'251016'!$A$1:$M$200,5,FALSE) -> 350 | AU15: =AS15-AN15 -> 213003 | AV15: =AU15-AP15 -> -22166 | AW15: =AT15-AO15 -> 0 | AX15: =VLOOKUP($AF15,'251017'!$A$1:$M$200,4,FALSE) -> 1183489 | AY15: =VLOOKUP($AF15,'251017'!$A$1:$M$200,5,FALSE) -> 350 | AZ15: =AX15-AS15 -> 311385 | BA15: =AZ15-AU15 -> 98382 | BB15: =AY15-AT15 -> 0 | BC15: =VLOOKUP($AF15,'251018'!$A$1:$M$200,4,FALSE) -> 1414973 | BD15: =VLOOKUP($AF15,'251018'!$A$1:$M$200,5,FALSE) -> 350 | BE15: =BC15-AX15 -> 231484 | BF15: =BE15-AZ15 -> -79901 | BG15: =BD15-AY15 -> 0 | BH15: =VLOOKUP($AF15,'251018'!$A$1:$M$200,4,FALSE) -> 1414973
B16: 검정말릭 | C16: =VLOOKUP($B16,'251008_0시'!$A$1:$M$200,4,FALSE) -> 426077 | D16: =VLOOKUP($B16,'251008_0시'!$A$1:$M$200,5,FALSE) -> 0 | E16: =VLOOKUP($B16,'251009_0시'!$A$1:$M$200,4,FALSE) -> 645839 | F16: =VLOOKUP($B16,'251009_0시'!$A$1:$M$200,5,FALSE) -> 350 | G16: =E16-C16 -> 219762 | H16: =G16-(C16/2) -> 6723.5 | I16: =F16-D16 -> 350 | J16: =VLOOKUP($B16,'251010_0시'!$A$1:$M$200,4,FALSE) -> 840484 | K16: =VLOOKUP($B16,'251010_0시'!$A$1:$M$200,5,FALSE) -> 350 | L16: =J16-E16 -> 194645 | M16: =L16-G16 -> -25117 | N16: =K16-F16 -> 0 | O16: =VLOOKUP($B16,'251011_0시'!$A$1:$M$200,4,FALSE) -> 1049062 | P16: =VLOOKUP($B16,'251011_0시'!$A$1:$M$200,5,FALSE) -> 350 | Q16: =O16-J16 -> 208578 | R16: =Q16-L16 -> 13933 | S16: =P16-K16 -> 0 | T16: =VLOOKUP($B16,'251012_0시'!$A$1:$M$200,4,FALSE) -> 1315742 | U16: =VLOOKUP($B16,'251012_0시'!$A$1:$M$200,5,FALSE) -> 350 | V16: =T16-O16 -> 266680 | W16: =V16-Q16 -> 58102 | X16: =U16-P16 -> 0 | Y16: =VLOOKUP($B16,'251013_0시'!$A$1:$M$200,4,FALSE) -> 1518801 | Z16: =VLOOKUP($B16,'251013_0시'!$A$1:$M$200,5,FALSE) -> 400 | AA16: =Y16-T16 -> 203059 | AB16: =AA16-V16 -> -63621 | AC16: =Z16-U16 -> 50 | AD16: =VLOOKUP($B16,'251013_0시'!$A$1:$M$200,4,FALSE) -> 1518801 | AF16: 羊마산동탁 | AG16: =VLOOKUP($AF16,'251013'!$A$1:$M$200,4,FALSE) -> 222477 | AH16: =VLOOKUP($AF16,'251013'!$A$1:$M$200,5,FALSE) -> 4106 | AI16: =VLOOKUP($AF16,'251014'!$A$1:$M$200,4,FALSE) -> 451678 | AJ16: =VLOOKUP($AF16,'251014'!$A$1:$M$200,5,FALSE) -> 6356 | AK16: =AI16-AG16 -> 229201 | AL16: =AK16-AG16 -> 6724 | AM16: =AJ16-AH16 -> 2250 | AN16: =VLOOKUP($AF16,'251015'!$A$1:$M$200,4,FALSE) -> 670902 | AO16: =VLOOKUP($AF16,'251015'!$A$1:$M$200,5,FALSE) -> 9506 | AP16: =AN16-AI16 -> 219224 | AQ16: =AP16-AK16 -> -9977 | AR16: =AO16-AJ16 -> 3150 | AS16: =VLOOKUP($AF16,'251016'!$A$1:$M$200,4,FALSE) -> 914654 | AT16: =VLOOKUP($AF16,'251016'!$A$1:$M$200,5,FALSE) -> 13106 | AU16: =AS16-AN16 -> 243752 | AV16: =AU16-AP16 -> 24528 | AW16: =AT16-AO16 -> 3600 | AX16: =VLOOKUP($AF16,'251017'!$A$1:$M$200,4,FALSE) -> 1171251 | AY16: =VLOOKUP($AF16,'251017'!$A$1:$M$200,5,FALSE) -> 15108 | AZ16: =AX16-AS16 -> 256597 | BA16: =AZ16-AU16 -> 12845 | BB16: =AY16-AT16 -> 2002 | BC16: =VLOOKUP($AF16,'251018'!$A$1:$M$200,4,FALSE) -> 1413994 | BD16: =VLOOKUP($AF16,'251018'!$A$1:$M$200,5,FALSE) -> 16908 | BE16: =BC16-AX16 -> 242743 | BF16: =BE16-AZ16 -> -13854 | BG16: =BD16-AY16 -> 1800 | BH16: =VLOOKUP($AF16,'251018'!$A$1:$M$200,4,FALSE) -> 1413994
A17: 컬러단 | B17: 必써너 | C17: =VLOOKUP($B17,'251008_0시'!$A$1:$M$200,4,FALSE) -> 419817 | D17: =VLOOKUP($B17,'251008_0시'!$A$1:$M$200,5,FALSE) -> 5591 | E17: =VLOOKUP($B17,'251009_0시'!$A$1:$M$200,4,FALSE) -> 663717 | F17: =VLOOKUP($B17,'251009_0시'!$A$1:$M$200,5,FALSE) -> 8568 | G17: =E17-C17 -> 243900 | H17: =G17-(C17/2) -> 33991.5 | I17: =F17-D17 -> 2977 | J17: =VLOOKUP($B17,'251010_0시'!$A$1:$M$200,4,FALSE) -> 909199 | K17: =VLOOKUP($B17,'251010_0시'!$A$1:$M$200,5,FALSE) -> 10403 | L17: =J17-E17 -> 245482 | M17: =L17-G17 -> 1582 | N17: =K17-F17 -> 1835 | O17: =VLOOKUP($B17,'251011_0시'!$A$1:$M$200,4,FALSE) -> 1091850 | P17: =VLOOKUP($B17,'251011_0시'!$A$1:$M$200,5,FALSE) -> 13103 | Q17: =O17-J17 -> 182651 | R17: =Q17-L17 -> -62831 | S17: =P17-K17 -> 2700 | T17: =VLOOKUP($B17,'251012_0시'!$A$1:$M$200,4,FALSE) -> 1300255 | U17: =VLOOKUP($B17,'251012_0시'!$A$1:$M$200,5,FALSE) -> 15353 | V17: =T17-O17 -> 208405 | W17: =V17-Q17 -> 25754 | X17: =U17-P17 -> 2250 | Y17: =VLOOKUP($B17,'251013_0시'!$A$1:$M$200,4,FALSE) -> 1509806 | Z17: =VLOOKUP($B17,'251013_0시'!$A$1:$M$200,5,FALSE) -> 18503 | AA17: =Y17-T17 -> 209551 | AB17: =AA17-V17 -> 1146 | AC17: =Z17-U17 -> 3150 | AD17: =VLOOKUP($B17,'251013_0시'!$A$1:$M$200,4,FALSE) -> 1509806 | AF17: SKELTON | AG17: =VLOOKUP($AF17,'251013'!$A$1:$M$200,4,FALSE) -> 212143 | AH17: =VLOOKUP($AF17,'251013'!$A$1:$M$200,5,FALSE) -> 531 | AI17: =VLOOKUP($AF17,'251014'!$A$1:$M$200,4,FALSE) -> 428909 | AJ17: =VLOOKUP($AF17,'251014'!$A$1:$M$200,5,FALSE) -> 531 | AK17: =AI17-AG17 -> 216766 | AL17: =AK17-AG17 -> 4623 | AM17: =AJ17-AH17 -> 0 | AN17: =VLOOKUP($AF17,'251015'!$A$1:$M$200,4,FALSE) -> 628447 | AO17: =VLOOKUP($AF17,'251015'!$A$1:$M$200,5,FALSE) -> 531 | AP17: =AN17-AI17 -> 199538 | AQ17: =AP17-AK17 -> -17228 | AR17: =AO17-AJ17 -> 0 | AS17: =VLOOKUP($AF17,'251016'!$A$1:$M$200,4,FALSE) -> 832213 | AT17: =VLOOKUP($AF17,'251016'!$A$1:$M$200,5,FALSE) -> 531 | AU17: =AS17-AN17 -> 203766 | AV17: =AU17-AP17 -> 4228 | AW17: =AT17-AO17 -> 0 | AX17: =VLOOKUP($AF17,'251017'!$A$1:$M$200,4,FALSE) -> 1087080 | AY17: =VLOOKUP($AF17,'251017'!$A$1:$M$200,5,FALSE) -> 531 | AZ17: =AX17-AS17 -> 254867 | BA17: =AZ17-AU17 -> 51101 | BB17: =AY17-AT17 -> 0 | BC17: =VLOOKUP($AF17,'251018'!$A$1:$M$200,4,FALSE) -> 1353348 | BD17: =VLOOKUP($AF17,'251018'!$A$1:$M$200,5,FALSE) -> 531 | BE17: =BC17-AX17 -> 266268 | BF17: =BE17-AZ17 -> 11401 | BG17: =BD17-AY17 -> 0 | BH17: =VLOOKUP($AF17,'251018'!$A$1:$M$200,4,FALSE) -> 1353348
B18: 必비숍 | C18: =VLOOKUP($B18,'251008_0시'!$A$1:$M$200,4,FALSE) -> 433183 | D18: =VLOOKUP($B18,'251008_0시'!$A$1:$M$200,5,FALSE) -> 1920 | E18: =VLOOKUP($B18,'251009_0시'!$A$1:$M$200,4,FALSE) -> 634083 | F18: =VLOOKUP($B18,'251009_0시'!$A$1:$M$200,5,FALSE) -> 2640 | G18: =E18-C18 -> 200900 | H18: =G18-(C18/2) -> -15691.5 | I18: =F18-D18 -> 720 | J18: =VLOOKUP($B18,'251010_0시'!$A$1:$M$200,4,FALSE) -> 843871 | K18: =VLOOKUP($B18,'251010_0시'!$A$1:$M$200,5,FALSE) -> 2962 | L18: =J18-E18 -> 209788 | M18: =L18-G18 -> 8888 | N18: =K18-F18 -> 322 | O18: =VLOOKUP($B18,'251011_0시'!$A$1:$M$200,4,FALSE) -> 1062980 | P18: =VLOOKUP($B18,'251011_0시'!$A$1:$M$200,5,FALSE) -> 2962 | Q18: =O18-J18 -> 219109 | R18: =Q18-L18 -> 9321 | S18: =P18-K18 -> 0 | T18: =VLOOKUP($B18,'251012_0시'!$A$1:$M$200,4,FALSE) -> 1273253 | U18: =VLOOKUP($B18,'251012_0시'!$A$1:$M$200,5,FALSE) -> 3862 | V18: =T18-O18 -> 210273 | W18: =V18-Q18 -> -8836 | X18: =U18-P18 -> 900 | Y18: =VLOOKUP($B18,'251013_0시'!$A$1:$M$200,4,FALSE) -> 1480984 | Z18: =VLOOKUP($B18,'251013_0시'!$A$1:$M$200,5,FALSE) -> 4762 | AA18: =Y18-T18 -> 207731 | AB18: =AA18-V18 -> -2542 | AC18: =Z18-U18 -> 900 | AD18: =VLOOKUP($B18,'251013_0시'!$A$1:$M$200,4,FALSE) -> 1480984 | AF18: 凵무파마 | AG18: =VLOOKUP($AF18,'251013'!$A$1:$M$200,4,FALSE) -> 113875 | AH18: =VLOOKUP($AF18,'251013'!$A$1:$M$200,5,FALSE) -> 0 | AI18: =VLOOKUP($AF18,'251014'!$A$1:$M$200,4,FALSE) -> 316972 | AJ18: =VLOOKUP($AF18,'251014'!$A$1:$M$200,5,FALSE) -> 0 | AK18: =AI18-AG18 -> 203097 | AL18: =AK18-AG18 -> 89222 | AM18: =AJ18-AH18 -> 0 | AN18: =VLOOKUP($AF18,'251015'!$A$1:$M$200,4,FALSE) -> 575131 | AO18: =VLOOKUP($AF18,'251015'!$A$1:$M$200,5,FALSE) -> 50 | AP18: =AN18-AI18 -> 258159 | AQ18: =AP18-AK18 -> 55062 | AR18: =AO18-AJ18 -> 50 | AS18: =VLOOKUP($AF18,'251016'!$A$1:$M$200,4,FALSE) -> 784311 | AT18: =VLOOKUP($AF18,'251016'!$A$1:$M$200,5,FALSE) -> 50 | AU18: =AS18-AN18 -> 209180 | AV18: =AU18-AP18 -> -48979 | AW18: =AT18-AO18 -> 0 | AX18: =VLOOKUP($AF18,'251017'!$A$1:$M$200,4,FALSE) -> 1075548 | AY18: =VLOOKUP($AF18,'251017'!$A$1:$M$200,5,FALSE) -> 50 | AZ18: =AX18-AS18 -> 291237 | BA18: =AZ18-AU18 -> 82057 | BB18: =AY18-AT18 -> 0 | BC18: =VLOOKUP($AF18,'251018'!$A$1:$M$200,4,FALSE) -> 1339632 | BD18: =VLOOKUP($AF18,'251018'!$A$1:$M$200,5,FALSE) -> 50 | BE18: =BC18-AX18 -> 264084 | BF18: =BE18-AZ18 -> -27153 | BG18: =BD18-AY18 -> 0 | BH18: =VLOOKUP($AF18,'251018'!$A$1:$M$200,4,FALSE) -> 1339632
B19: 羊마산동탁 | C19: =VLOOKUP($B19,'251008_0시'!$A$1:$M$200,4,FALSE) -> 331803 | D19: =VLOOKUP($B19,'251008_0시'!$A$1:$M$200,5,FALSE) -> 6300 | E19: =VLOOKUP($B19,'251009_0시'!$A$1:$M$200,4,FALSE) -> 609158 | F19: =VLOOKUP($B19,'251009_0시'!$A$1:$M$200,5,FALSE) -> 9000 | G19: =E19-C19 -> 277355 | H19: =G19-(C19/2) -> 111453.5 | I19: =F19-D19 -> 2700 | J19: =VLOOKUP($B19,'251010_0시'!$A$1:$M$200,4,FALSE) -> 840790 | K19: =VLOOKUP($B19,'251010_0시'!$A$1:$M$200,5,FALSE) -> 10901 | L19: =J19-E19 -> 231632 | M19: =L19-G19 -> -45723 | N19: =K19-F19 -> 1901 | O19: =VLOOKUP($B19,'251011_0시'!$A$1:$M$200,4,FALSE) -> 1087776 | P19: =VLOOKUP($B19,'251011_0시'!$A$1:$M$200,5,FALSE) -> 14501 | Q19: =O19-J19 -> 246986 | R19: =Q19-L19 -> 15354 | S19: =P19-K19 -> 3600 | T19: =VLOOKUP($B19,'251012_0시'!$A$1:$M$200,4,FALSE) -> 1270928 | U19: =VLOOKUP($B19,'251012_0시'!$A$1:$M$200,5,FALSE) -> 19151 | V19: =T19-O19 -> 183152 | W19: =V19-Q19 -> -63834 | X19: =U19-P19 -> 4650 | Y19: =VLOOKUP($B19,'251013_0시'!$A$1:$M$200,4,FALSE) -> 1466924 | Z19: =VLOOKUP($B19,'251013_0시'!$A$1:$M$200,5,FALSE) -> 21901 | AA19: =Y19-T19 -> 195996 | AB19: =AA19-V19 -> 12844 | AC19: =Z19-U19 -> 2750 | AD19: =VLOOKUP($B19,'251013_0시'!$A$1:$M$200,4,FALSE) -> 1466924 | AF19: 羊서량철기 | AG19: =VLOOKUP($AF19,'251013'!$A$1:$M$200,4,FALSE) -> 219548 | AH19: =VLOOKUP($AF19,'251013'!$A$1:$M$200,5,FALSE) -> 1053 | AI19: =VLOOKUP($AF19,'251014'!$A$1:$M$200,4,FALSE) -> 406258 | AJ19: =VLOOKUP($AF19,'251014'!$A$1:$M$200,5,FALSE) -> 1503 | AK19: =AI19-AG19 -> 186710 | AL19: =AK19-AG19 -> -32838 | AM19: =AJ19-AH19 -> 450 | AN19: =VLOOKUP($AF19,'251015'!$A$1:$M$200,4,FALSE) -> 626451 | AO19: =VLOOKUP($AF19,'251015'!$A$1:$M$200,5,FALSE) -> 2347 | AP19: =AN19-AI19 -> 220193 | AQ19: =AP19-AK19 -> 33483 | AR19: =AO19-AJ19 -> 844 | AS19: =VLOOKUP($AF19,'251016'!$A$1:$M$200,4,FALSE) -> 800567 | AT19: =VLOOKUP($AF19,'251016'!$A$1:$M$200,5,FALSE) -> 4147 | AU19: =AS19-AN19 -> 174116 | AV19: =AU19-AP19 -> -46077 | AW19: =AT19-AO19 -> 1800 | AX19: =VLOOKUP($AF19,'251017'!$A$1:$M$200,4,FALSE) -> 1092369 | AY19: =VLOOKUP($AF19,'251017'!$A$1:$M$200,5,FALSE) -> 5497 | AZ19: =AX19-AS19 -> 291802 | BA19: =AZ19-AU19 -> 117686 | BB19: =AY19-AT19 -> 1350 | BC19: =VLOOKUP($AF19,'251018'!$A$1:$M$200,4,FALSE) -> 1285011 | BD19: =VLOOKUP($AF19,'251018'!$A$1:$M$200,5,FALSE) -> 5947 | BE19: =BC19-AX19 -> 192642 | BF19: =BE19-AZ19 -> -99160 | BG19: =BD19-AY19 -> 450 | BH19: =VLOOKUP($AF19,'251018'!$A$1:$M$200,4,FALSE) -> 1285011
B20: 풍악의날 | C20: =VLOOKUP($B20,'251008_0시'!$A$1:$M$200,4,FALSE) -> 392221 | D20: =VLOOKUP($B20,'251008_0시'!$A$1:$M$200,5,FALSE) -> 350 | E20: =VLOOKUP($B20,'251009_0시'!$A$1:$M$200,4,FALSE) -> 569152 | F20: =VLOOKUP($B20,'251009_0시'!$A$1:$M$200,5,FALSE) -> 3050 | G20: =E20-C20 -> 176931 | H20: =G20-(C20/2) -> -19179.5 | I20: =F20-D20 -> 2700 | J20: =VLOOKUP($B20,'251010_0시'!$A$1:$M$200,4,FALSE) -> 792652 | K20: =VLOOKUP($B20,'251010_0시'!$A$1:$M$200,5,FALSE) -> 5300 | L20: =J20-E20 -> 223500 | M20: =L20-G20 -> 46569 | N20: =K20-F20 -> 2250 | O20: =VLOOKUP($B20,'251011_0시'!$A$1:$M$200,4,FALSE) -> 997995 | P20: =VLOOKUP($B20,'251011_0시'!$A$1:$M$200,5,FALSE) -> 5300 | Q20: =O20-J20 -> 205343 | R20: =Q20-L20 -> -18157 | S20: =P20-K20 -> 0 | T20: =VLOOKUP($B20,'251012_0시'!$A$1:$M$200,4,FALSE) -> 1181434 | U20: =VLOOKUP($B20,'251012_0시'!$A$1:$M$200,5,FALSE) -> 5300 | V20: =T20-O20 -> 183439 | W20: =V20-Q20 -> -21904 | X20: =U20-P20 -> 0 | Y20: =VLOOKUP($B20,'251013_0시'!$A$1:$M$200,4,FALSE) -> 1376018 | Z20: =VLOOKUP($B20,'251013_0시'!$A$1:$M$200,5,FALSE) -> 5300 | AA20: =Y20-T20 -> 194584 | AB20: =AA20-V20 -> 11145 | AC20: =Z20-U20 -> 0 | AD20: =VLOOKUP($B20,'251013_0시'!$A$1:$M$200,4,FALSE) -> 1376018 | AF20: 羊커리 | AG20: =VLOOKUP($AF20,'251013'!$A$1:$M$200,4,FALSE) -> 182849 | AH20: =VLOOKUP($AF20,'251013'!$A$1:$M$200,5,FALSE) -> 2960 | AI20: =VLOOKUP($AF20,'251014'!$A$1:$M$200,4,FALSE) -> 320299 | AJ20: =VLOOKUP($AF20,'251014'!$A$1:$M$200,5,FALSE) -> 3710 | AK20: =AI20-AG20 -> 137450 | AL20: =AK20-AG20 -> -45399 | AM20: =AJ20-AH20 -> 750 | AN20: =VLOOKUP($AF20,'251015'!$A$1:$M$200,4,FALSE) -> 536463 | AO20: =VLOOKUP($AF20,'251015'!$A$1:$M$200,5,FALSE) -> 4016 | AP20: =AN20-AI20 -> 216164 | AQ20: =AP20-AK20 -> 78714 | AR20: =AO20-AJ20 -> 306 | AS20: =VLOOKUP($AF20,'251016'!$A$1:$M$200,4,FALSE) -> 771158 | AT20: =VLOOKUP($AF20,'251016'!$A$1:$M$200,5,FALSE) -> 4016 | AU20: =AS20-AN20 -> 234695 | AV20: =AU20-AP20 -> 18531 | AW20: =AT20-AO20 -> 0 | AX20: =VLOOKUP($AF20,'251017'!$A$1:$M$200,4,FALSE) -> 1058185 | AY20: =VLOOKUP($AF20,'251017'!$A$1:$M$200,5,FALSE) -> 4364 | AZ20: =AX20-AS20 -> 287027 | BA20: =AZ20-AU20 -> 52332 | BB20: =AY20-AT20 -> 348 | BC20: =VLOOKUP($AF20,'251018'!$A$1:$M$200,4,FALSE) -> 1270985 | BD20: =VLOOKUP($AF20,'251018'!$A$1:$M$200,5,FALSE) -> 4364 | BE20: =BC20-AX20 -> 212800 | BF20: =BE20-AZ20 -> -74227 | BG20: =BD20-AY20 -> 0 | BH20: =VLOOKUP($AF20,'251018'!$A$1:$M$200,4,FALSE) -> 1270985
B21: 羊커리 | C21: =VLOOKUP($B21,'251008_0시'!$A$1:$M$200,4,FALSE) -> 436180 | D21: =VLOOKUP($B21,'251008_0시'!$A$1:$M$200,5,FALSE) -> 0 | E21: =VLOOKUP($B21,'251009_0시'!$A$1:$M$200,4,FALSE) -> 644738 | F21: =VLOOKUP($B21,'251009_0시'!$A$1:$M$200,5,FALSE) -> 0 | G21: =E21-C21 -> 208558 | H21: =G21-(C21/2) -> -9532 | I21: =F21-D21 -> 0 | J21: =VLOOKUP($B21,'251010_0시'!$A$1:$M$200,4,FALSE) -> 841734 | K21: =VLOOKUP($B21,'251010_0시'!$A$1:$M$200,5,FALSE) -> 250 | L21: =J21-E21 -> 196996 | M21: =L21-G21 -> -11562 | N21: =K21-F21 -> 250 | O21: =VLOOKUP($B21,'251011_0시'!$A$1:$M$200,4,FALSE) -> 1006663 | P21: =VLOOKUP($B21,'251011_0시'!$A$1:$M$200,5,FALSE) -> 300 | Q21: =O21-J21 -> 164929 | R21: =Q21-L21 -> -32067 | S21: =P21-K21 -> 50 | T21: =VLOOKUP($B21,'251012_0시'!$A$1:$M$200,4,FALSE) -> 1185564 | U21: =VLOOKUP($B21,'251012_0시'!$A$1:$M$200,5,FALSE) -> 300 | V21: =T21-O21 -> 178901 | W21: =V21-Q21 -> 13972 | X21: =U21-P21 -> 0 | Y21: =VLOOKUP($B21,'251013_0시'!$A$1:$M$200,4,FALSE) -> 1359258 | Z21: =VLOOKUP($B21,'251013_0시'!$A$1:$M$200,5,FALSE) -> 300 | AA21: =Y21-T21 -> 173694 | AB21: =AA21-V21 -> -5207 | AC21: =Z21-U21 -> 0 | AD21: =VLOOKUP($B21,'251013_0시'!$A$1:$M$200,4,FALSE) -> 1359258 | AF21: 羊고광렬 | AG21: =VLOOKUP($AF21,'251013'!$A$1:$M$200,4,FALSE) -> 127121 | AH21: =VLOOKUP($AF21,'251013'!$A$1:$M$200,5,FALSE) -> 0 | AI21: =VLOOKUP($AF21,'251014'!$A$1:$M$200,4,FALSE) -> 310806 | AJ21: =VLOOKUP($AF21,'251014'!$A$1:$M$200,5,FALSE) -> 0 | AK21: =AI21-AG21 -> 183685 | AL21: =AK21-AG21 -> 56564 | AM21: =AJ21-AH21 -> 0 | AN21: =VLOOKUP($AF21,'251015'!$A$1:$M$200,4,FALSE) -> 542724 | AO21: =VLOOKUP($AF21,'251015'!$A$1:$M$200,5,FALSE) -> 0 | AP21: =AN21-AI21 -> 231918 | AQ21: =AP21-AK21 -> 48233 | AR21: =AO21-AJ21 -> 0 | AS21: =VLOOKUP($AF21,'251016'!$A$1:$M$200,4,FALSE) -> 655100 | AT21: =VLOOKUP($AF21,'251016'!$A$1:$M$200,5,FALSE) -> 0 | AU21: =AS21-AN21 -> 112376 | AV21: =AU21-AP21 -> -119542 | AW21: =AT21-AO21 -> 0 | AX21: =VLOOKUP($AF21,'251017'!$A$1:$M$200,4,FALSE) -> 955079 | AY21: =VLOOKUP($AF21,'251017'!$A$1:$M$200,5,FALSE) -> 0 | AZ21: =AX21-AS21 -> 299979 | BA21: =AZ21-AU21 -> 187603 | BB21: =AY21-AT21 -> 0 | BC21: =VLOOKUP($AF21,'251018'!$A$1:$M$200,4,FALSE) -> 1235452 | BD21: =VLOOKUP($AF21,'251018'!$A$1:$M$200,5,FALSE) -> 0 | BE21: =BC21-AX21 -> 280373 | BF21: =BE21-AZ21 -> -19606 | BG21: =BD21-AY21 -> 0 | BH21: =VLOOKUP($AF21,'251018'!$A$1:$M$200,4,FALSE) -> 1235452
B22: 必소유 | C22: =VLOOKUP($B22,'251008_0시'!$A$1:$M$200,4,FALSE) -> 329438 | D22: =VLOOKUP($B22,'251008_0시'!$A$1:$M$200,5,FALSE) -> 11091 | E22: =VLOOKUP($B22,'251009_0시'!$A$1:$M$200,4,FALSE) -> 525293 | F22: =VLOOKUP($B22,'251009_0시'!$A$1:$M$200,5,FALSE) -> 16391 | G22: =E22-C22 -> 195855 | H22: =G22-(C22/2) -> 31136 | I22: =F22-D22 -> 5300 | J22: =VLOOKUP($B22,'251010_0시'!$A$1:$M$200,4,FALSE) -> 734603 | K22: =VLOOKUP($B22,'251010_0시'!$A$1:$M$200,5,FALSE) -> 21241 | L22: =J22-E22 -> 209310 | M22: =L22-G22 -> 13455 | N22: =K22-F22 -> 4850 | O22: =VLOOKUP($B22,'251011_0시'!$A$1:$M$200,4,FALSE) -> 914804 | P22: =VLOOKUP($B22,'251011_0시'!$A$1:$M$200,5,FALSE) -> 24841 | Q22: =O22-J22 -> 180201 | R22: =Q22-L22 -> -29109 | S22: =P22-K22 -> 3600 | T22: =VLOOKUP($B22,'251012_0시'!$A$1:$M$200,4,FALSE) -> 1129312 | U22: =VLOOKUP($B22,'251012_0시'!$A$1:$M$200,5,FALSE) -> 28766 | V22: =T22-O22 -> 214508 | W22: =V22-Q22 -> 34307 | X22: =U22-P22 -> 3925 | Y22: =VLOOKUP($B22,'251013_0시'!$A$1:$M$200,4,FALSE) -> 1324670 | Z22: =VLOOKUP($B22,'251013_0시'!$A$1:$M$200,5,FALSE) -> 34216 | AA22: =Y22-T22 -> 195358 | AB22: =AA22-V22 -> -19150 | AC22: =Z22-U22 -> 5450 | AD22: =VLOOKUP($B22,'251013_0시'!$A$1:$M$200,4,FALSE) -> 1324670 | AF22: 株이직 | AG22: =VLOOKUP($AF22,'251013'!$A$1:$M$200,4,FALSE) -> 192690 | AH22: =VLOOKUP($AF22,'251013'!$A$1:$M$200,5,FALSE) -> 150 | AI22: =VLOOKUP($AF22,'251014'!$A$1:$M$200,4,FALSE) -> 367529 | AJ22: =VLOOKUP($AF22,'251014'!$A$1:$M$200,5,FALSE) -> 150 | AK22: =AI22-AG22 -> 174839 | AL22: =AK22-AG22 -> -17851 | AM22: =AJ22-AH22 -> 0 | AN22: =VLOOKUP($AF22,'251015'!$A$1:$M$200,4,FALSE) -> 612869 | AO22: =VLOOKUP($AF22,'251015'!$A$1:$M$200,5,FALSE) -> 500 | AP22: =AN22-AI22 -> 245340 | AQ22: =AP22-AK22 -> 70501 | AR22: =AO22-AJ22 -> 350 | AS22: =VLOOKUP($AF22,'251016'!$A$1:$M$200,4,FALSE) -> 767253 | AT22: =VLOOKUP($AF22,'251016'!$A$1:$M$200,5,FALSE) -> 500 | AU22: =AS22-AN22 -> 154384 | AV22: =AU22-AP22 -> -90956 | AW22: =AT22-AO22 -> 0 | AX22: =VLOOKUP($AF22,'251017'!$A$1:$M$200,4,FALSE) -> 913650 | AY22: =VLOOKUP($AF22,'251017'!$A$1:$M$200,5,FALSE) -> 500 | AZ22: =AX22-AS22 -> 146397 | BA22: =AZ22-AU22 -> -7987 | BB22: =AY22-AT22 -> 0 | BC22: =VLOOKUP($AF22,'251018'!$A$1:$M$200,4,FALSE) -> 1220967 | BD22: =VLOOKUP($AF22,'251018'!$A$1:$M$200,5,FALSE) -> 500 | BE22: =BC22-AX22 -> 307317 | BF22: =BE22-AZ22 -> 160920 | BG22: =BD22-AY22 -> 0 | BH22: =VLOOKUP($AF22,'251018'!$A$1:$M$200,4,FALSE) -> 1220967
A23: 컬러단 | B23: 羊고광렬 | C23: =VLOOKUP($B23,'251008_0시'!$A$1:$M$200,4,FALSE) -> 432419 | D23: =VLOOKUP($B23,'251008_0시'!$A$1:$M$200,5,FALSE) -> 400 | E23: =VLOOKUP($B23,'251009_0시'!$A$1:$M$200,4,FALSE) -> 671974 | F23: =VLOOKUP($B23,'251009_0시'!$A$1:$M$200,5,FALSE) -> 450 | G23: =E23-C23 -> 239555 | H23: =G23-(C23/2) -> 23345.5 | I23: =F23-D23 -> 50 | J23: =VLOOKUP($B23,'251010_0시'!$A$1:$M$200,4,FALSE) -> 867227 | K23: =VLOOKUP($B23,'251010_0시'!$A$1:$M$200,5,FALSE) -> 705 | L23: =J23-E23 -> 195253 | M23: =L23-G23 -> -44302 | N23: =K23-F23 -> 255 | O23: =VLOOKUP($B23,'251011_0시'!$A$1:$M$200,4,FALSE) -> 1001863 | P23: =VLOOKUP($B23,'251011_0시'!$A$1:$M$200,5,FALSE) -> 705 | Q23: =O23-J23 -> 134636 | R23: =Q23-L23 -> -60617 | S23: =P23-K23 -> 0 | T23: =VLOOKUP($B23,'251012_0시'!$A$1:$M$200,4,FALSE) -> 1221935 | U23: =VLOOKUP($B23,'251012_0시'!$A$1:$M$200,5,FALSE) -> 705 | V23: =T23-O23 -> 220072 | W23: =V23-Q23 -> 85436 | X23: =U23-P23 -> 0 | Y23: =VLOOKUP($B23,'251013_0시'!$A$1:$M$200,4,FALSE) -> 1323686 | Z23: =VLOOKUP($B23,'251013_0시'!$A$1:$M$200,5,FALSE) -> 705 | AA23: =Y23-T23 -> 101751 | AB23: =AA23-V23 -> -118321 | AC23: =Z23-U23 -> 0 | AD23: =VLOOKUP($B23,'251013_0시'!$A$1:$M$200,4,FALSE) -> 1323686 | AF23: 凵진라면 | AG23: =VLOOKUP($AF23,'251013'!$A$1:$M$200,4,FALSE) -> 182990 | AH23: =VLOOKUP($AF23,'251013'!$A$1:$M$200,5,FALSE) -> 0 | AI23: =VLOOKUP($AF23,'251014'!$A$1:$M$200,4,FALSE) -> 346368 | AJ23: =VLOOKUP($AF23,'251014'!$A$1:$M$200,5,FALSE) -> 0 | AK23: =AI23-AG23 -> 163378 | AL23: =AK23-AG23 -> -19612 | AM23: =AJ23-AH23 -> 0 | AN23: =VLOOKUP($AF23,'251015'!$A$1:$M$200,4,FALSE) -> 594059 | AO23: =VLOOKUP($AF23,'251015'!$A$1:$M$200,5,FALSE) -> 0 | AP23: =AN23-AI23 -> 247691 | AQ23: =AP23-AK23 -> 84313 | AR23: =AO23-AJ23 -> 0 | AS23: =VLOOKUP($AF23,'251016'!$A$1:$M$200,4,FALSE) -> 802375 | AT23: =VLOOKUP($AF23,'251016'!$A$1:$M$200,5,FALSE) -> 0 | AU23: =AS23-AN23 -> 208316 | AV23: =AU23-AP23 -> -39375 | AW23: =AT23-AO23 -> 0 | AX23: =VLOOKUP($AF23,'251017'!$A$1:$M$200,4,FALSE) -> 978479 | AY23: =VLOOKUP($AF23,'251017'!$A$1:$M$200,5,FALSE) -> 298 | AZ23: =AX23-AS23 -> 176104 | BA23: =AZ23-AU23 -> -32212 | BB23: =AY23-AT23 -> 298 | BC23: =VLOOKUP($AF23,'251018'!$A$1:$M$200,4,FALSE) -> 1219452 | BD23: =VLOOKUP($AF23,'251018'!$A$1:$M$200,5,FALSE) -> 486 | BE23: =BC23-AX23 -> 240973 | BF23: =BE23-AZ23 -> 64869 | BG23: =BD23-AY23 -> 188 | BH23: =VLOOKUP($AF23,'251018'!$A$1:$M$200,4,FALSE) -> 1219452
B24: 羊서량철기 | C24: =VLOOKUP($B24,'251008_0시'!$A$1:$M$200,4,FALSE) -> 335750 | D24: =VLOOKUP($B24,'251008_0시'!$A$1:$M$200,5,FALSE) -> 3050 | E24: =VLOOKUP($B24,'251009_0시'!$A$1:$M$200,4,FALSE) -> 553015 | F24: =VLOOKUP($B24,'251009_0시'!$A$1:$M$200,5,FALSE) -> 4496 | G24: =E24-C24 -> 217265 | H24: =G24-(C24/2) -> 49390 | I24: =F24-D24 -> 1446 | J24: =VLOOKUP($B24,'251010_0시'!$A$1:$M$200,4,FALSE) -> 773901 | K24: =VLOOKUP($B24,'251010_0시'!$A$1:$M$200,5,FALSE) -> 6397 | L24: =J24-E24 -> 220886 | M24: =L24-G24 -> 3621 | N24: =K24-F24 -> 1901 | O24: =VLOOKUP($B24,'251011_0시'!$A$1:$M$200,4,FALSE) -> 936972 | P24: =VLOOKUP($B24,'251011_0시'!$A$1:$M$200,5,FALSE) -> 7647 | Q24: =O24-J24 -> 163071 | R24: =Q24-L24 -> -57815 | S24: =P24-K24 -> 1250 | T24: =VLOOKUP($B24,'251012_0시'!$A$1:$M$200,4,FALSE) -> 1118108 | U24: =VLOOKUP($B24,'251012_0시'!$A$1:$M$200,5,FALSE) -> 8997 | V24: =T24-O24 -> 181136 | W24: =V24-Q24 -> 18065 | X24: =U24-P24 -> 1350 | Y24: =VLOOKUP($B24,'251013_0시'!$A$1:$M$200,4,FALSE) -> 1307221 | Z24: =VLOOKUP($B24,'251013_0시'!$A$1:$M$200,5,FALSE) -> 8997 | AA24: =Y24-T24 -> 189113 | AB24: =AA24-V24 -> 7977 | AC24: =Z24-U24 -> 0 | AD24: =VLOOKUP($B24,'251013_0시'!$A$1:$M$200,4,FALSE) -> 1307221 | AF24: 必써너 | AG24: =VLOOKUP($AF24,'251013'!$A$1:$M$200,4,FALSE) -> 181753 | AH24: =VLOOKUP($AF24,'251013'!$A$1:$M$200,5,FALSE) -> 5152 | AI24: =VLOOKUP($AF24,'251014'!$A$1:$M$200,4,FALSE) -> 360686 | AJ24: =VLOOKUP($AF24,'251014'!$A$1:$M$200,5,FALSE) -> 6502 | AK24: =AI24-AG24 -> 178933 | AL24: =AK24-AG24 -> -2820 | AM24: =AJ24-AH24 -> 1350 | AN24: =VLOOKUP($AF24,'251015'!$A$1:$M$200,4,FALSE) -> 606995 | AO24: =VLOOKUP($AF24,'251015'!$A$1:$M$200,5,FALSE) -> 11002 | AP24: =AN24-AI24 -> 246309 | AQ24: =AP24-AK24 -> 67376 | AR24: =AO24-AJ24 -> 4500 | AS24: =VLOOKUP($AF24,'251016'!$A$1:$M$200,4,FALSE) -> 715650 | AT24: =VLOOKUP($AF24,'251016'!$A$1:$M$200,5,FALSE) -> 15052 | AU24: =AS24-AN24 -> 108655 | AV24: =AU24-AP24 -> -137654 | AW24: =AT24-AO24 -> 4050 | AX24: =VLOOKUP($AF24,'251017'!$A$1:$M$200,4,FALSE) -> 872661 | AY24: =VLOOKUP($AF24,'251017'!$A$1:$M$200,5,FALSE) -> 17752 | AZ24: =AX24-AS24 -> 157011 | BA24: =AZ24-AU24 -> 48356 | BB24: =AY24-AT24 -> 2700 | BC24: =VLOOKUP($AF24,'251018'!$A$1:$M$200,4,FALSE) -> 1201102 | BD24: =VLOOKUP($AF24,'251018'!$A$1:$M$200,5,FALSE) -> 20452 | BE24: =BC24-AX24 -> 328441 | BF24: =BE24-AZ24 -> 171430 | BG24: =BD24-AY24 -> 2700 | BH24: =VLOOKUP($AF24,'251018'!$A$1:$M$200,4,FALSE) -> 1201102
B25: 마룡의숲 | C25: =VLOOKUP($B25,'251008_0시'!$A$1:$M$200,4,FALSE) -> 392289 | D25: =VLOOKUP($B25,'251008_0시'!$A$1:$M$200,5,FALSE) -> 0 | E25: =VLOOKUP($B25,'251009_0시'!$A$1:$M$200,4,FALSE) -> 575651 | F25: =VLOOKUP($B25,'251009_0시'!$A$1:$M$200,5,FALSE) -> 0 | G25: =E25-C25 -> 183362 | H25: =G25-(C25/2) -> -12782.5 | I25: =F25-D25 -> 0 | J25: =VLOOKUP($B25,'251010_0시'!$A$1:$M$200,4,FALSE) -> 755877 | K25: =VLOOKUP($B25,'251010_0시'!$A$1:$M$200,5,FALSE) -> 197 | L25: =J25-E25 -> 180226 | M25: =L25-G25 -> -3136 | N25: =K25-F25 -> 197 | O25: =VLOOKUP($B25,'251011_0시'!$A$1:$M$200,4,FALSE) -> 931297 | P25: =VLOOKUP($B25,'251011_0시'!$A$1:$M$200,5,FALSE) -> 197 | Q25: =O25-J25 -> 175420 | R25: =Q25-L25 -> -4806 | S25: =P25-K25 -> 0 | T25: =VLOOKUP($B25,'251012_0시'!$A$1:$M$200,4,FALSE) -> 1112616 | U25: =VLOOKUP($B25,'251012_0시'!$A$1:$M$200,5,FALSE) -> 197 | V25: =T25-O25 -> 181319 | W25: =V25-Q25 -> 5899 | X25: =U25-P25 -> 0 | Y25: =VLOOKUP($B25,'251013_0시'!$A$1:$M$200,4,FALSE) -> 1307112 | Z25: =VLOOKUP($B25,'251013_0시'!$A$1:$M$200,5,FALSE) -> 1247 | AA25: =Y25-T25 -> 194496 | AB25: =AA25-V25 -> 13177 | AC25: =Z25-U25 -> 1050 | AD25: =VLOOKUP($B25,'251013_0시'!$A$1:$M$200,4,FALSE) -> 1307112 | AF25: 羊농민丷 | AG25: =VLOOKUP($AF25,'251013'!$A$1:$M$200,4,FALSE) -> 157930 | AH25: =VLOOKUP($AF25,'251013'!$A$1:$M$200,5,FALSE) -> 0 | AI25: =VLOOKUP($AF25,'251014'!$A$1:$M$200,4,FALSE) -> 327946 | AJ25: =VLOOKUP($AF25,'251014'!$A$1:$M$200,5,FALSE) -> 0 | AK25: =AI25-AG25 -> 170016 | AL25: =AK25-AG25 -> 12086 | AM25: =AJ25-AH25 -> 0 | AN25: =VLOOKUP($AF25,'251015'!$A$1:$M$200,4,FALSE) -> 546116 | AO25: =VLOOKUP($AF25,'251015'!$A$1:$M$200,5,FALSE) -> 0 | AP25: =AN25-AI25 -> 218170 | AQ25: =AP25-AK25 -> 48154 | AR25: =AO25-AJ25 -> 0 | AS25: =VLOOKUP($AF25,'251016'!$A$1:$M$200,4,FALSE) -> 741238 | AT25: =VLOOKUP($AF25,'251016'!$A$1:$M$200,5,FALSE) -> 0 | AU25: =AS25-AN25 -> 195122 | AV25: =AU25-AP25 -> -23048 | AW25: =AT25-AO25 -> 0 | AX25: =VLOOKUP($AF25,'251017'!$A$1:$M$200,4,FALSE) -> 933383 | AY25: =VLOOKUP($AF25,'251017'!$A$1:$M$200,5,FALSE) -> 0 | AZ25: =AX25-AS25 -> 192145 | BA25: =AZ25-AU25 -> -2977 | BB25: =AY25-AT25 -> 0 | BC25: =VLOOKUP($AF25,'251018'!$A$1:$M$200,4,FALSE) -> 1198743 | BD25: =VLOOKUP($AF25,'251018'!$A$1:$M$200,5,FALSE) -> 0 | BE25: =BC25-AX25 -> 265360 | BF25: =BE25-AZ25 -> 73215 | BG25: =BD25-AY25 -> 0 | BH25: =VLOOKUP($AF25,'251018'!$A$1:$M$200,4,FALSE) -> 1198743
B26: 불눈이TV丷 | C26: =VLOOKUP($B26,'251008_0시'!$A$1:$M$200,4,FALSE) -> 375815 | D26: =VLOOKUP($B26,'251008_0시'!$A$1:$M$200,5,FALSE) -> 275 | E26: =VLOOKUP($B26,'251009_0시'!$A$1:$M$200,4,FALSE) -> 548873 | F26: =VLOOKUP($B26,'251009_0시'!$A$1:$M$200,5,FALSE) -> 275 | G26: =E26-C26 -> 173058 | H26: =G26-(C26/2) -> -14849.5 | I26: =F26-D26 -> 0 | J26: =VLOOKUP($B26,'251010_0시'!$A$1:$M$200,4,FALSE) -> 736104 | K26: =VLOOKUP($B26,'251010_0시'!$A$1:$M$200,5,FALSE) -> 545 | L26: =J26-E26 -> 187231 | M26: =L26-G26 -> 14173 | N26: =K26-F26 -> 270 | O26: =VLOOKUP($B26,'251011_0시'!$A$1:$M$200,4,FALSE) -> 890837 | P26: =VLOOKUP($B26,'251011_0시'!$A$1:$M$200,5,FALSE) -> 545 | Q26: =O26-J26 -> 154733 | R26: =Q26-L26 -> -32498 | S26: =P26-K26 -> 0 | T26: =VLOOKUP($B26,'251012_0시'!$A$1:$M$200,4,FALSE) -> 1076727 | U26: =VLOOKUP($B26,'251012_0시'!$A$1:$M$200,5,FALSE) -> 545 | V26: =T26-O26 -> 185890 | W26: =V26-Q26 -> 31157 | X26: =U26-P26 -> 0 | Y26: =VLOOKUP($B26,'251013_0시'!$A$1:$M$200,4,FALSE) -> 1265465 | Z26: =VLOOKUP($B26,'251013_0시'!$A$1:$M$200,5,FALSE) -> 646 | AA26: =Y26-T26 -> 188738 | AB26: =AA26-V26 -> 2848 | AC26: =Z26-U26 -> 101 | AD26: =VLOOKUP($B26,'251013_0시'!$A$1:$M$200,4,FALSE) -> 1265465 | AF26: 너에게날 | AG26: =VLOOKUP($AF26,'251013'!$A$1:$M$200,4,FALSE) -> 177135 | AH26: =VLOOKUP($AF26,'251013'!$A$1:$M$200,5,FALSE) -> 900 | AI26: =VLOOKUP($AF26,'251014'!$A$1:$M$200,4,FALSE) -> 356356 | AJ26: =VLOOKUP($AF26,'251014'!$A$1:$M$200,5,FALSE) -> 1350 | AK26: =AI26-AG26 -> 179221 | AL26: =AK26-AG26 -> 2086 | AM26: =AJ26-AH26 -> 450 | AN26: =VLOOKUP($AF26,'251015'!$A$1:$M$200,4,FALSE) -> 520492 | AO26: =VLOOKUP($AF26,'251015'!$A$1:$M$200,5,FALSE) -> 3600 | AP26: =AN26-AI26 -> 164136 | AQ26: =AP26-AK26 -> -15085 | AR26: =AO26-AJ26 -> 2250 | AS26: =VLOOKUP($AF26,'251016'!$A$1:$M$200,4,FALSE) -> 703954 | AT26: =VLOOKUP($AF26,'251016'!$A$1:$M$200,5,FALSE) -> 7200 | AU26: =AS26-AN26 -> 183462 | AV26: =AU26-AP26 -> 19326 | AW26: =AT26-AO26 -> 3600 | AX26: =VLOOKUP($AF26,'251017'!$A$1:$M$200,4,FALSE) -> 933979 | AY26: =VLOOKUP($AF26,'251017'!$A$1:$M$200,5,FALSE) -> 10800 | AZ26: =AX26-AS26 -> 230025 | BA26: =AZ26-AU26 -> 46563 | BB26: =AY26-AT26 -> 3600 | BC26: =VLOOKUP($AF26,'251018'!$A$1:$M$200,4,FALSE) -> 1198034 | BD26: =VLOOKUP($AF26,'251018'!$A$1:$M$200,5,FALSE) -> 11700 | BE26: =BC26-AX26 -> 264055 | BF26: =BE26-AZ26 -> 34030 | BG26: =BD26-AY26 -> 900 | BH26: =VLOOKUP($AF26,'251018'!$A$1:$M$200,4,FALSE) -> 1198034
B27: 불눈이tv丷 | C27: =VLOOKUP($B27,'251008_0시'!$A$1:$M$200,4,FALSE) -> 375815 | D27: =VLOOKUP($B27,'251008_0시'!$A$1:$M$200,5,FALSE) -> 275 | E27: =VLOOKUP($B27,'251009_0시'!$A$1:$M$200,4,FALSE) -> 548873 | F27: =VLOOKUP($B27,'251009_0시'!$A$1:$M$200,5,FALSE) -> 275 | G27: =E27-C27 -> 173058 | H27: =G27-(C27/2) -> -14849.5 | I27: =F27-D27 -> 0 | J27: =VLOOKUP($B27,'251010_0시'!$A$1:$M$200,4,FALSE) -> 736104 | K27: =VLOOKUP($B27,'251010_0시'!$A$1:$M$200,5,FALSE) -> 545 | L27: =J27-E27 -> 187231 | M27: =L27-G27 -> 14173 | N27: =K27-F27 -> 270 | O27: =VLOOKUP($B27,'251011_0시'!$A$1:$M$200,4,FALSE) -> 890837 | P27: =VLOOKUP($B27,'251011_0시'!$A$1:$M$200,5,FALSE) -> 545 | Q27: =O27-J27 -> 154733 | R27: =Q27-L27 -> -32498 | S27: =P27-K27 -> 0 | T27: =VLOOKUP($B27,'251012_0시'!$A$1:$M$200,4,FALSE) -> 1076727 | U27: =VLOOKUP($B27,'251012_0시'!$A$1:$M$200,5,FALSE) -> 545 | V27: =T27-O27 -> 185890 | W27: =V27-Q27 -> 31157 | X27: =U27-P27 -> 0 | Y27: =VLOOKUP($B27,'251013_0시'!$A$1:$M$200,4,FALSE) -> 1265465 | Z27: =VLOOKUP($B27,'251013_0시'!$A$1:$M$200,5,FALSE) -> 646 | AA27: =Y27-T27 -> 188738 | AB27: =AA27-V27 -> 2848 | AC27: =Z27-U27 -> 101 | AD27: =VLOOKUP($B27,'251013_0시'!$A$1:$M$200,4,FALSE) -> 1265465 | AF27: 불눈이TV丷 | AG27: =VLOOKUP($AF27,'251013'!$A$1:$M$200,4,FALSE) -> 204104 | AH27: =VLOOKUP($AF27,'251013'!$A$1:$M$200,5,FALSE) -> 303 | AI27: =VLOOKUP($AF27,'251014'!$A$1:$M$200,4,FALSE) -> 363576 | AJ27: =VLOOKUP($AF27,'251014'!$A$1:$M$200,5,FALSE) -> 303 | AK27: =AI27-AG27 -> 159472 | AL27: =AK27-AG27 -> -44632 | AM27: =AJ27-AH27 -> 0 | AN27: =VLOOKUP($AF27,'251015'!$A$1:$M$200,4,FALSE) -> 535081 | AO27: =VLOOKUP($AF27,'251015'!$A$1:$M$200,5,FALSE) -> 303 | AP27: =AN27-AI27 -> 171505 | AQ27: =AP27-AK27 -> 12033 | AR27: =AO27-AJ27 -> 0 | AS27: =VLOOKUP($AF27,'251016'!$A$1:$M$200,4,FALSE) -> 681465 | AT27: =VLOOKUP($AF27,'251016'!$A$1:$M$200,5,FALSE) -> 303 | AU27: =AS27-AN27 -> 146384 | AV27: =AU27-AP27 -> -25121 | AW27: =AT27-AO27 -> 0 | AX27: =VLOOKUP($AF27,'251017'!$A$1:$M$200,4,FALSE) -> 936115 | AY27: =VLOOKUP($AF27,'251017'!$A$1:$M$200,5,FALSE) -> 303 | AZ27: =AX27-AS27 -> 254650 | BA27: =AZ27-AU27 -> 108266 | BB27: =AY27-AT27 -> 0 | BC27: =VLOOKUP($AF27,'251018'!$A$1:$M$200,4,FALSE) -> 1191967 | BD27: =VLOOKUP($AF27,'251018'!$A$1:$M$200,5,FALSE) -> 303 | BE27: =BC27-AX27 -> 255852 | BF27: =BE27-AZ27 -> 1202 | BG27: =BD27-AY27 -> 0 | BH27: =VLOOKUP($AF27,'251018'!$A$1:$M$200,4,FALSE) -> 1191967
B28: 기파랑해 | C28: =VLOOKUP($B28,'251008_0시'!$A$1:$M$200,4,FALSE) -> 378937 | D28: =VLOOKUP($B28,'251008_0시'!$A$1:$M$200,5,FALSE) -> 0 | E28: =VLOOKUP($B28,'251009_0시'!$A$1:$M$200,4,FALSE) -> 547179 | F28: =VLOOKUP($B28,'251009_0시'!$A$1:$M$200,5,FALSE) -> 0 | G28: =E28-C28 -> 168242 | H28: =G28-(C28/2) -> -21226.5 | I28: =F28-D28 -> 0 | J28: =VLOOKUP($B28,'251010_0시'!$A$1:$M$200,4,FALSE) -> 712143 | K28: =VLOOKUP($B28,'251010_0시'!$A$1:$M$200,5,FALSE) -> 780 | L28: =J28-E28 -> 164964 | M28: =L28-G28 -> -3278 | N28: =K28-F28 -> 780 | O28: =VLOOKUP($B28,'251011_0시'!$A$1:$M$200,4,FALSE) -> 909573 | P28: =VLOOKUP($B28,'251011_0시'!$A$1:$M$200,5,FALSE) -> 780 | Q28: =O28-J28 -> 197430 | R28: =Q28-L28 -> 32466 | S28: =P28-K28 -> 0 | T28: =VLOOKUP($B28,'251012_0시'!$A$1:$M$200,4,FALSE) -> 1087042 | U28: =VLOOKUP($B28,'251012_0시'!$A$1:$M$200,5,FALSE) -> 780 | V28: =T28-O28 -> 177469 | W28: =V28-Q28 -> -19961 | X28: =U28-P28 -> 0 | Y28: =VLOOKUP($B28,'251013_0시'!$A$1:$M$200,4,FALSE) -> 1264206 | Z28: =VLOOKUP($B28,'251013_0시'!$A$1:$M$200,5,FALSE) -> 837 | AA28: =Y28-T28 -> 177164 | AB28: =AA28-V28 -> -305 | AC28: =Z28-U28 -> 57 | AD28: =VLOOKUP($B28,'251013_0시'!$A$1:$M$200,4,FALSE) -> 1264206 | AF28: 불눈이tv丷 | AG28: =VLOOKUP($AF28,'251013'!$A$1:$M$200,4,FALSE) -> 204104 | AH28: =VLOOKUP($AF28,'251013'!$A$1:$M$200,5,FALSE) -> 303 | AI28: =VLOOKUP($AF28,'251014'!$A$1:$M$200,4,FALSE) -> 363576 | AJ28: =VLOOKUP($AF28,'251014'!$A$1:$M$200,5,FALSE) -> 303 | AK28: =AI28-AG28 -> 159472 | AL28: =AK28-AG28 -> -44632 | AM28: =AJ28-AH28 -> 0 | AN28: =VLOOKUP($AF28,'251015'!$A$1:$M$200,4,FALSE) -> 535081 | AO28: =VLOOKUP($AF28,'251015'!$A$1:$M$200,5,FALSE) -> 303 | AP28: =AN28-AI28 -> 171505 | AQ28: =AP28-AK28 -> 12033 | AR28: =AO28-AJ28 -> 0 | AS28: =VLOOKUP($AF28,'251016'!$A$1:$M$200,4,FALSE) -> 681465 | AT28: =VLOOKUP($AF28,'251016'!$A$1:$M$200,5,FALSE) -> 303 | AU28: =AS28-AN28 -> 146384 | AV28: =AU28-AP28 -> -25121 | AW28: =AT28-AO28 -> 0 | AX28: =VLOOKUP($AF28,'251017'!$A$1:$M$200,4,FALSE) -> 936115 | AY28: =VLOOKUP($AF28,'251017'!$A$1:$M$200,5,FALSE) -> 303 | AZ28: =AX28-AS28 -> 254650 | BA28: =AZ28-AU28 -> 108266 | BB28: =AY28-AT28 -> 0 | BC28: =VLOOKUP($AF28,'251018'!$A$1:$M$200,4,FALSE) -> 1191967 | BD28: =VLOOKUP($AF28,'251018'!$A$1:$M$200,5,FALSE) -> 303 | BE28: =BC28-AX28 -> 255852 | BF28: =BE28-AZ28 -> 1202 | BG28: =BD28-AY28 -> 0 | BH28: =VLOOKUP($AF28,'251018'!$A$1:$M$200,4,FALSE) -> 1191967
B29: 必폭주비비 | C29: =VLOOKUP($B29,'251008_0시'!$A$1:$M$200,4,FALSE) -> 335407 | D29: =VLOOKUP($B29,'251008_0시'!$A$1:$M$200,5,FALSE) -> 350 | E29: =VLOOKUP($B29,'251009_0시'!$A$1:$M$200,4,FALSE) -> 527115 | F29: =VLOOKUP($B29,'251009_0시'!$A$1:$M$200,5,FALSE) -> 700 | G29: =E29-C29 -> 191708 | H29: =G29-(C29/2) -> 24004.5 | I29: =F29-D29 -> 350 | J29: =VLOOKUP($B29,'251010_0시'!$A$1:$M$200,4,FALSE) -> 719853 | K29: =VLOOKUP($B29,'251010_0시'!$A$1:$M$200,5,FALSE) -> 1050 | L29: =J29-E29 -> 192738 | M29: =L29-G29 -> 1030 | N29: =K29-F29 -> 350 | O29: =VLOOKUP($B29,'251011_0시'!$A$1:$M$200,4,FALSE) -> 887427 | P29: =VLOOKUP($B29,'251011_0시'!$A$1:$M$200,5,FALSE) -> 1050 | Q29: =O29-J29 -> 167574 | R29: =Q29-L29 -> -25164 | S29: =P29-K29 -> 0 | T29: =VLOOKUP($B29,'251012_0시'!$A$1:$M$200,4,FALSE) -> 1099944 | U29: =VLOOKUP($B29,'251012_0시'!$A$1:$M$200,5,FALSE) -> 1050 | V29: =T29-O29 -> 212517 | W29: =V29-Q29 -> 44943 | X29: =U29-P29 -> 0 | Y29: =VLOOKUP($B29,'251013_0시'!$A$1:$M$200,4,FALSE) -> 1263226 | Z29: =VLOOKUP($B29,'251013_0시'!$A$1:$M$200,5,FALSE) -> 1151 | AA29: =Y29-T29 -> 163282 | AB29: =AA29-V29 -> -49235 | AC29: =Z29-U29 -> 101 | AD29: =VLOOKUP($B29,'251013_0시'!$A$1:$M$200,4,FALSE) -> 1263226 | AF29: 어른이날 | AG29: =VLOOKUP($AF29,'251013'!$A$1:$M$200,4,FALSE) -> 192151 | AH29: =VLOOKUP($AF29,'251013'!$A$1:$M$200,5,FALSE) -> 0 | AI29: =VLOOKUP($AF29,'251014'!$A$1:$M$200,4,FALSE) -> 399385 | AJ29: =VLOOKUP($AF29,'251014'!$A$1:$M$200,5,FALSE) -> 0 | AK29: =AI29-AG29 -> 207234 | AL29: =AK29-AG29 -> 15083 | AM29: =AJ29-AH29 -> 0 | AN29: =VLOOKUP($AF29,'251015'!$A$1:$M$200,4,FALSE) -> 553314 | AO29: =VLOOKUP($AF29,'251015'!$A$1:$M$200,5,FALSE) -> 0 | AP29: =AN29-AI29 -> 153929 | AQ29: =AP29-AK29 -> -53305 | AR29: =AO29-AJ29 -> 0 | AS29: =VLOOKUP($AF29,'251016'!$A$1:$M$200,4,FALSE) -> 757538 | AT29: =VLOOKUP($AF29,'251016'!$A$1:$M$200,5,FALSE) -> 0 | AU29: =AS29-AN29 -> 204224 | AV29: =AU29-AP29 -> 50295 | AW29: =AT29-AO29 -> 0 | AX29: =VLOOKUP($AF29,'251017'!$A$1:$M$200,4,FALSE) -> 949191 | AY29: =VLOOKUP($AF29,'251017'!$A$1:$M$200,5,FALSE) -> 0 | AZ29: =AX29-AS29 -> 191653 | BA29: =AZ29-AU29 -> -12571 | BB29: =AY29-AT29 -> 0 | BC29: =VLOOKUP($AF29,'251018'!$A$1:$M$200,4,FALSE) -> 1185746 | BD29: =VLOOKUP($AF29,'251018'!$A$1:$M$200,5,FALSE) -> 0 | BE29: =BC29-AX29 -> 236555 | BF29: =BE29-AZ29 -> 44902 | BG29: =BD29-AY29 -> 0 | BH29: =VLOOKUP($AF29,'251018'!$A$1:$M$200,4,FALSE) -> 1185746
B30: 羊이정재 | C30: =VLOOKUP($B30,'251008_0시'!$A$1:$M$200,4,FALSE) -> 352633 | D30: =VLOOKUP($B30,'251008_0시'!$A$1:$M$200,5,FALSE) -> 555 | E30: =VLOOKUP($B30,'251009_0시'!$A$1:$M$200,4,FALSE) -> 532178 | F30: =VLOOKUP($B30,'251009_0시'!$A$1:$M$200,5,FALSE) -> 555 | G30: =E30-C30 -> 179545 | H30: =G30-(C30/2) -> 3228.5 | I30: =F30-D30 -> 0 | J30: =VLOOKUP($B30,'251010_0시'!$A$1:$M$200,4,FALSE) -> 693708 | K30: =VLOOKUP($B30,'251010_0시'!$A$1:$M$200,5,FALSE) -> 1555 | L30: =J30-E30 -> 161530 | M30: =L30-G30 -> -18015 | N30: =K30-F30 -> 1000 | O30: =VLOOKUP($B30,'251011_0시'!$A$1:$M$200,4,FALSE) -> 889724 | P30: =VLOOKUP($B30,'251011_0시'!$A$1:$M$200,5,FALSE) -> 1555 | Q30: =O30-J30 -> 196016 | R30: =Q30-L30 -> 34486 | S30: =P30-K30 -> 0 | T30: =VLOOKUP($B30,'251012_0시'!$A$1:$M$200,4,FALSE) -> 1084676 | U30: =VLOOKUP($B30,'251012_0시'!$A$1:$M$200,5,FALSE) -> 1555 | V30: =T30-O30 -> 194952 | W30: =V30-Q30 -> -1064 | X30: =U30-P30 -> 0 | Y30: =VLOOKUP($B30,'251013_0시'!$A$1:$M$200,4,FALSE) -> 1261152 | Z30: =VLOOKUP($B30,'251013_0시'!$A$1:$M$200,5,FALSE) -> 1555 | AA30: =Y30-T30 -> 176476 | AB30: =AA30-V30 -> -18476 | AC30: =Z30-U30 -> 0 | AD30: =VLOOKUP($B30,'251013_0시'!$A$1:$M$200,4,FALSE) -> 1261152 | AF30: 풍악의날 | AG30: =VLOOKUP($AF30,'251013'!$A$1:$M$200,4,FALSE) -> 129725 | AH30: =VLOOKUP($AF30,'251013'!$A$1:$M$200,5,FALSE) -> 246 | AI30: =VLOOKUP($AF30,'251014'!$A$1:$M$200,4,FALSE) -> 320331 | AJ30: =VLOOKUP($AF30,'251014'!$A$1:$M$200,5,FALSE) -> 246 | AK30: =AI30-AG30 -> 190606 | AL30: =AK30-AG30 -> 60881 | AM30: =AJ30-AH30 -> 0 | AN30: =VLOOKUP($AF30,'251015'!$A$1:$M$200,4,FALSE) -> 524681 | AO30: =VLOOKUP($AF30,'251015'!$A$1:$M$200,5,FALSE) -> 246 | AP30: =AN30-AI30 -> 204350 | AQ30: =AP30-AK30 -> 13744 | AR30: =AO30-AJ30 -> 0 | AS30: =VLOOKUP($AF30,'251016'!$A$1:$M$200,4,FALSE) -> 715389 | AT30: =VLOOKUP($AF30,'251016'!$A$1:$M$200,5,FALSE) -> 246 | AU30: =AS30-AN30 -> 190708 | AV30: =AU30-AP30 -> -13642 | AW30: =AT30-AO30 -> 0 | AX30: =VLOOKUP($AF30,'251017'!$A$1:$M$200,4,FALSE) -> 924726 | AY30: =VLOOKUP($AF30,'251017'!$A$1:$M$200,5,FALSE) -> 246 | AZ30: =AX30-AS30 -> 209337 | BA30: =AZ30-AU30 -> 18629 | BB30: =AY30-AT30 -> 0 | BC30: =VLOOKUP($AF30,'251018'!$A$1:$M$200,4,FALSE) -> 1169376 | BD30: =VLOOKUP($AF30,'251018'!$A$1:$M$200,5,FALSE) -> 246 | BE30: =BC30-AX30 -> 244650 | BF30: =BE30-AZ30 -> 35313 | BG30: =BD30-AY30 -> 0 | BH30: =VLOOKUP($AF30,'251018'!$A$1:$M$200,4,FALSE) -> 1169376
B31: 바나나 | C31: =VLOOKUP($B31,'251008_0시'!$A$1:$M$200,4,FALSE) -> 387637 | D31: =VLOOKUP($B31,'251008_0시'!$A$1:$M$200,5,FALSE) -> 4950 | E31: =VLOOKUP($B31,'251009_0시'!$A$1:$M$200,4,FALSE) -> 587922 | F31: =VLOOKUP($B31,'251009_0시'!$A$1:$M$200,5,FALSE) -> 12150 | G31: =E31-C31 -> 200285 | H31: =G31-(C31/2) -> 6466.5 | I31: =F31-D31 -> 7200 | J31: =VLOOKUP($B31,'251010_0시'!$A$1:$M$200,4,FALSE) -> 756300 | K31: =VLOOKUP($B31,'251010_0시'!$A$1:$M$200,5,FALSE) -> 17018 | L31: =J31-E31 -> 168378 | M31: =L31-G31 -> -31907 | N31: =K31-F31 -> 4868 | O31: =VLOOKUP($B31,'251011_0시'!$A$1:$M$200,4,FALSE) -> 902281 | P31: =VLOOKUP($B31,'251011_0시'!$A$1:$M$200,5,FALSE) -> 21118 | Q31: =O31-J31 -> 145981 | R31: =Q31-L31 -> -22397 | S31: =P31-K31 -> 4100 | T31: =VLOOKUP($B31,'251012_0시'!$A$1:$M$200,4,FALSE) -> 1097425 | U31: =VLOOKUP($B31,'251012_0시'!$A$1:$M$200,5,FALSE) -> 25518 | V31: =T31-O31 -> 195144 | W31: =V31-Q31 -> 49163 | X31: =U31-P31 -> 4400 | Y31: =VLOOKUP($B31,'251013_0시'!$A$1:$M$200,4,FALSE) -> 1254418 | Z31: =VLOOKUP($B31,'251013_0시'!$A$1:$M$200,5,FALSE) -> 27818 | AA31: =Y31-T31 -> 156993 | AB31: =AA31-V31 -> -38151 | AC31: =Z31-U31 -> 2300 | AD31: =VLOOKUP($B31,'251013_0시'!$A$1:$M$200,4,FALSE) -> 1254418 | AF31: 실직 | AG31: =VLOOKUP($AF31,'251013'!$A$1:$M$200,4,FALSE) -> 137976 | AH31: =VLOOKUP($AF31,'251013'!$A$1:$M$200,5,FALSE) -> 0 | AI31: =VLOOKUP($AF31,'251014'!$A$1:$M$200,4,FALSE) -> 298855 | AJ31: =VLOOKUP($AF31,'251014'!$A$1:$M$200,5,FALSE) -> 0 | AK31: =AI31-AG31 -> 160879 | AL31: =AK31-AG31 -> 22903 | AM31: =AJ31-AH31 -> 0 | AN31: =VLOOKUP($AF31,'251015'!$A$1:$M$200,4,FALSE) -> 484399 | AO31: =VLOOKUP($AF31,'251015'!$A$1:$M$200,5,FALSE) -> 50 | AP31: =AN31-AI31 -> 185544 | AQ31: =AP31-AK31 -> 24665 | AR31: =AO31-AJ31 -> 50 | AS31: =VLOOKUP($AF31,'251016'!$A$1:$M$200,4,FALSE) -> 636215 | AT31: =VLOOKUP($AF31,'251016'!$A$1:$M$200,5,FALSE) -> 50 | AU31: =AS31-AN31 -> 151816 | AV31: =AU31-AP31 -> -33728 | AW31: =AT31-AO31 -> 0 | AX31: =VLOOKUP($AF31,'251017'!$A$1:$M$200,4,FALSE) -> 820732 | AY31: =VLOOKUP($AF31,'251017'!$A$1:$M$200,5,FALSE) -> 50 | AZ31: =AX31-AS31 -> 184517 | BA31: =AZ31-AU31 -> 32701 | BB31: =AY31-AT31 -> 0 | BC31: =VLOOKUP($AF31,'251018'!$A$1:$M$200,4,FALSE) -> 1165909 | BD31: =VLOOKUP($AF31,'251018'!$A$1:$M$200,5,FALSE) -> 50 | BE31: =BC31-AX31 -> 345177 | BF31: =BE31-AZ31 -> 160660 | BG31: =BD31-AY31 -> 0 | BH31: =VLOOKUP($AF31,'251018'!$A$1:$M$200,4,FALSE) -> 1165909
B32: 凵진라면 | C32: =VLOOKUP($B32,'251008_0시'!$A$1:$M$200,4,FALSE) -> 425366 | D32: =VLOOKUP($B32,'251008_0시'!$A$1:$M$200,5,FALSE) -> 500 | E32: =VLOOKUP($B32,'251009_0시'!$A$1:$M$200,4,FALSE) -> 556187 | F32: =VLOOKUP($B32,'251009_0시'!$A$1:$M$200,5,FALSE) -> 500 | G32: =E32-C32 -> 130821 | H32: =G32-(C32/2) -> -81862 | I32: =F32-D32 -> 0 | J32: =VLOOKUP($B32,'251010_0시'!$A$1:$M$200,4,FALSE) -> 746480 | K32: =VLOOKUP($B32,'251010_0시'!$A$1:$M$200,5,FALSE) -> 500 | L32: =J32-E32 -> 190293 | M32: =L32-G32 -> 59472 | N32: =K32-F32 -> 0 | O32: =VLOOKUP($B32,'251011_0시'!$A$1:$M$200,4,FALSE) -> 872921 | P32: =VLOOKUP($B32,'251011_0시'!$A$1:$M$200,5,FALSE) -> 550 | Q32: =O32-J32 -> 126441 | R32: =Q32-L32 -> -63852 | S32: =P32-K32 -> 50 | T32: =VLOOKUP($B32,'251012_0시'!$A$1:$M$200,4,FALSE) -> 1043517 | U32: =VLOOKUP($B32,'251012_0시'!$A$1:$M$200,5,FALSE) -> 550 | V32: =T32-O32 -> 170596 | W32: =V32-Q32 -> 44155 | X32: =U32-P32 -> 0 | Y32: =VLOOKUP($B32,'251013_0시'!$A$1:$M$200,4,FALSE) -> 1233658 | Z32: =VLOOKUP($B32,'251013_0시'!$A$1:$M$200,5,FALSE) -> 550 | AA32: =Y32-T32 -> 190141 | AB32: =AA32-V32 -> 19545 | AC32: =Z32-U32 -> 0 | AD32: =VLOOKUP($B32,'251013_0시'!$A$1:$M$200,4,FALSE) -> 1233658 | AF32: 必우마이봉 | AG32: =VLOOKUP($AF32,'251013'!$A$1:$M$200,4,FALSE) -> 124560 | AH32: =VLOOKUP($AF32,'251013'!$A$1:$M$200,5,FALSE) -> 350 | AI32: =VLOOKUP($AF32,'251014'!$A$1:$M$200,4,FALSE) -> 312095 | AJ32: =VLOOKUP($AF32,'251014'!$A$1:$M$200,5,FALSE) -> 350 | AK32: =AI32-AG32 -> 187535 | AL32: =AK32-AG32 -> 62975 | AM32: =AJ32-AH32 -> 0 | AN32: =VLOOKUP($AF32,'251015'!$A$1:$M$200,4,FALSE) -> 483847 | AO32: =VLOOKUP($AF32,'251015'!$A$1:$M$200,5,FALSE) -> 350 | AP32: =AN32-AI32 -> 171752 | AQ32: =AP32-AK32 -> -15783 | AR32: =AO32-AJ32 -> 0 | AS32: =VLOOKUP($AF32,'251016'!$A$1:$M$200,4,FALSE) -> 628671 | AT32: =VLOOKUP($AF32,'251016'!$A$1:$M$200,5,FALSE) -> 350 | AU32: =AS32-AN32 -> 144824 | AV32: =AU32-AP32 -> -26928 | AW32: =AT32-AO32 -> 0 | AX32: =VLOOKUP($AF32,'251017'!$A$1:$M$200,4,FALSE) -> 876985 | AY32: =VLOOKUP($AF32,'251017'!$A$1:$M$200,5,FALSE) -> 547 | AZ32: =AX32-AS32 -> 248314 | BA32: =AZ32-AU32 -> 103490 | BB32: =AY32-AT32 -> 197 | BC32: =VLOOKUP($AF32,'251018'!$A$1:$M$200,4,FALSE) -> 1164931 | BD32: =VLOOKUP($AF32,'251018'!$A$1:$M$200,5,FALSE) -> 547 | BE32: =BC32-AX32 -> 287946 | BF32: =BE32-AZ32 -> 39632 | BG32: =BD32-AY32 -> 0 | BH32: =VLOOKUP($AF32,'251018'!$A$1:$M$200,4,FALSE) -> 1164931
B33: 초록조커 | C33: =VLOOKUP($B33,'251008_0시'!$A$1:$M$200,4,FALSE) -> 412289 | D33: =VLOOKUP($B33,'251008_0시'!$A$1:$M$200,5,FALSE) -> 96 | E33: =VLOOKUP($B33,'251009_0시'!$A$1:$M$200,4,FALSE) -> 592739 | F33: =VLOOKUP($B33,'251009_0시'!$A$1:$M$200,5,FALSE) -> 96 | G33: =E33-C33 -> 180450 | H33: =G33-(C33/2) -> -25694.5 | I33: =F33-D33 -> 0 | J33: =VLOOKUP($B33,'251010_0시'!$A$1:$M$200,4,FALSE) -> 787162 | K33: =VLOOKUP($B33,'251010_0시'!$A$1:$M$200,5,FALSE) -> 668 | L33: =J33-E33 -> 194423 | M33: =L33-G33 -> 13973 | N33: =K33-F33 -> 572 | O33: =VLOOKUP($B33,'251011_0시'!$A$1:$M$200,4,FALSE) -> 951325 | P33: =VLOOKUP($B33,'251011_0시'!$A$1:$M$200,5,FALSE) -> 668 | Q33: =O33-J33 -> 164163 | R33: =Q33-L33 -> -30260 | S33: =P33-K33 -> 0 | T33: =VLOOKUP($B33,'251012_0시'!$A$1:$M$200,4,FALSE) -> 1069830 | U33: =VLOOKUP($B33,'251012_0시'!$A$1:$M$200,5,FALSE) -> 668 | V33: =T33-O33 -> 118505 | W33: =V33-Q33 -> -45658 | X33: =U33-P33 -> 0 | Y33: =VLOOKUP($B33,'251013_0시'!$A$1:$M$200,4,FALSE) -> 1228166 | Z33: =VLOOKUP($B33,'251013_0시'!$A$1:$M$200,5,FALSE) -> 668 | AA33: =Y33-T33 -> 158336 | AB33: =AA33-V33 -> 39831 | AC33: =Z33-U33 -> 0 | AD33: =VLOOKUP($B33,'251013_0시'!$A$1:$M$200,4,FALSE) -> 1228166 | AF33: 必지국삼 | AG33: =VLOOKUP($AF33,'251013'!$A$1:$M$200,4,FALSE) -> 222698 | AH33: =VLOOKUP($AF33,'251013'!$A$1:$M$200,5,FALSE) -> 303 | AI33: =VLOOKUP($AF33,'251014'!$A$1:$M$200,4,FALSE) -> 371989 | AJ33: =VLOOKUP($AF33,'251014'!$A$1:$M$200,5,FALSE) -> 303 | AK33: =AI33-AG33 -> 149291 | AL33: =AK33-AG33 -> -73407 | AM33: =AJ33-AH33 -> 0 | AN33: =VLOOKUP($AF33,'251015'!$A$1:$M$200,4,FALSE) -> 546578 | AO33: =VLOOKUP($AF33,'251015'!$A$1:$M$200,5,FALSE) -> 303 | AP33: =AN33-AI33 -> 174589 | AQ33: =AP33-AK33 -> 25298 | AR33: =AO33-AJ33 -> 0 | AS33: =VLOOKUP($AF33,'251016'!$A$1:$M$200,4,FALSE) -> 738119 | AT33: =VLOOKUP($AF33,'251016'!$A$1:$M$200,5,FALSE) -> 303 | AU33: =AS33-AN33 -> 191541 | AV33: =AU33-AP33 -> 16952 | AW33: =AT33-AO33 -> 0 | AX33: =VLOOKUP($AF33,'251017'!$A$1:$M$200,4,FALSE) -> 945807 | AY33: =VLOOKUP($AF33,'251017'!$A$1:$M$200,5,FALSE) -> 303 | AZ33: =AX33-AS33 -> 207688 | BA33: =AZ33-AU33 -> 16147 | BB33: =AY33-AT33 -> 0 | BC33: =VLOOKUP($AF33,'251018'!$A$1:$M$200,4,FALSE) -> 1164597 | BD33: =VLOOKUP($AF33,'251018'!$A$1:$M$200,5,FALSE) -> 303 | BE33: =BC33-AX33 -> 218790 | BF33: =BE33-AZ33 -> 11102 | BG33: =BD33-AY33 -> 0 | BH33: =VLOOKUP($AF33,'251018'!$A$1:$M$200,4,FALSE) -> 1164597
B34: 와상이 | C34: =VLOOKUP($B34,'251008_0시'!$A$1:$M$200,4,FALSE) -> 301806 | D34: =VLOOKUP($B34,'251008_0시'!$A$1:$M$200,5,FALSE) -> 0 | E34: =VLOOKUP($B34,'251009_0시'!$A$1:$M$200,4,FALSE) -> 500634 | F34: =VLOOKUP($B34,'251009_0시'!$A$1:$M$200,5,FALSE) -> 0 | G34: =E34-C34 -> 198828 | H34: =G34-(C34/2) -> 47925 | I34: =F34-D34 -> 0 | J34: =VLOOKUP($B34,'251010_0시'!$A$1:$M$200,4,FALSE) -> 689100 | K34: =VLOOKUP($B34,'251010_0시'!$A$1:$M$200,5,FALSE) -> 0 | L34: =J34-E34 -> 188466 | M34: =L34-G34 -> -10362 | N34: =K34-F34 -> 0 | O34: =VLOOKUP($B34,'251011_0시'!$A$1:$M$200,4,FALSE) -> 837054 | P34: =VLOOKUP($B34,'251011_0시'!$A$1:$M$200,5,FALSE) -> 0 | Q34: =O34-J34 -> 147954 | R34: =Q34-L34 -> -40512 | S34: =P34-K34 -> 0 | T34: =VLOOKUP($B34,'251012_0시'!$A$1:$M$200,4,FALSE) -> 1024210 | U34: =VLOOKUP($B34,'251012_0시'!$A$1:$M$200,5,FALSE) -> 0 | V34: =T34-O34 -> 187156 | W34: =V34-Q34 -> 39202 | X34: =U34-P34 -> 0 | Y34: =VLOOKUP($B34,'251013_0시'!$A$1:$M$200,4,FALSE) -> 1226871 | Z34: =VLOOKUP($B34,'251013_0시'!$A$1:$M$200,5,FALSE) -> 0 | AA34: =Y34-T34 -> 202661 | AB34: =AA34-V34 -> 15505 | AC34: =Z34-U34 -> 0 | AD34: =VLOOKUP($B34,'251013_0시'!$A$1:$M$200,4,FALSE) -> 1226871 | AF34: 必보이쓰피싱 | AG34: =VLOOKUP($AF34,'251013'!$A$1:$M$200,4,FALSE) -> 204546 | AH34: =VLOOKUP($AF34,'251013'!$A$1:$M$200,5,FALSE) -> 450 | AI34: =VLOOKUP($AF34,'251014'!$A$1:$M$200,4,FALSE) -> 328470 | AJ34: =VLOOKUP($AF34,'251014'!$A$1:$M$200,5,FALSE) -> 2700 | AK34: =AI34-AG34 -> 123924 | AL34: =AK34-AG34 -> -80622 | AM34: =AJ34-AH34 -> 2250 | AN34: =VLOOKUP($AF34,'251015'!$A$1:$M$200,4,FALSE) -> 477740 | AO34: =VLOOKUP($AF34,'251015'!$A$1:$M$200,5,FALSE) -> 2700 | AP34: =AN34-AI34 -> 149270 | AQ34: =AP34-AK34 -> 25346 | AR34: =AO34-AJ34 -> 0 | AS34: =VLOOKUP($AF34,'251016'!$A$1:$M$200,4,FALSE) -> 633738 | AT34: =VLOOKUP($AF34,'251016'!$A$1:$M$200,5,FALSE) -> 2700 | AU34: =AS34-AN34 -> 155998 | AV34: =AU34-AP34 -> 6728 | AW34: =AT34-AO34 -> 0 | AX34: =VLOOKUP($AF34,'251017'!$A$1:$M$200,4,FALSE) -> 910213 | AY34: =VLOOKUP($AF34,'251017'!$A$1:$M$200,5,FALSE) -> 2700 | AZ34: =AX34-AS34 -> 276475 | BA34: =AZ34-AU34 -> 120477 | BB34: =AY34-AT34 -> 0 | BC34: =VLOOKUP($AF34,'251018'!$A$1:$M$200,4,FALSE) -> 1163073 | BD34: =VLOOKUP($AF34,'251018'!$A$1:$M$200,5,FALSE) -> 3150 | BE34: =BC34-AX34 -> 252860 | BF34: =BE34-AZ34 -> -23615 | BG34: =BD34-AY34 -> 450 | BH34: =VLOOKUP($AF34,'251018'!$A$1:$M$200,4,FALSE) -> 1163073
B35: 羊현묘 | C35: =VLOOKUP($B35,'251008_0시'!$A$1:$M$200,4,FALSE) -> 351806 | D35: =VLOOKUP($B35,'251008_0시'!$A$1:$M$200,5,FALSE) -> 700 | E35: =VLOOKUP($B35,'251009_0시'!$A$1:$M$200,4,FALSE) -> 527175 | F35: =VLOOKUP($B35,'251009_0시'!$A$1:$M$200,5,FALSE) -> 801 | G35: =E35-C35 -> 175369 | H35: =G35-(C35/2) -> -534 | I35: =F35-D35 -> 101 | J35: =VLOOKUP($B35,'251010_0시'!$A$1:$M$200,4,FALSE) -> 742014 | K35: =VLOOKUP($B35,'251010_0시'!$A$1:$M$200,5,FALSE) -> 902 | L35: =J35-E35 -> 214839 | M35: =L35-G35 -> 39470 | N35: =K35-F35 -> 101 | O35: =VLOOKUP($B35,'251011_0시'!$A$1:$M$200,4,FALSE) -> 898063 | P35: =VLOOKUP($B35,'251011_0시'!$A$1:$M$200,5,FALSE) -> 902 | Q35: =O35-J35 -> 156049 | R35: =Q35-L35 -> -58790 | S35: =P35-K35 -> 0 | T35: =VLOOKUP($B35,'251012_0시'!$A$1:$M$200,4,FALSE) -> 1077578 | U35: =VLOOKUP($B35,'251012_0시'!$A$1:$M$200,5,FALSE) -> 902 | V35: =T35-O35 -> 179515 | W35: =V35-Q35 -> 23466 | X35: =U35-P35 -> 0 | Y35: =VLOOKUP($B35,'251013_0시'!$A$1:$M$200,4,FALSE) -> 1224700 | Z35: =VLOOKUP($B35,'251013_0시'!$A$1:$M$200,5,FALSE) -> 902 | AA35: =Y35-T35 -> 147122 | AB35: =AA35-V35 -> -32393 | AC35: =Z35-U35 -> 0 | AD35: =VLOOKUP($B35,'251013_0시'!$A$1:$M$200,4,FALSE) -> 1224700 | AF35: 마룡의숲 | AG35: =VLOOKUP($AF35,'251013'!$A$1:$M$200,4,FALSE) -> 184002 | AH35: =VLOOKUP($AF35,'251013'!$A$1:$M$200,5,FALSE) -> 0 | AI35: =VLOOKUP($AF35,'251014'!$A$1:$M$200,4,FALSE) -> 371479 | AJ35: =VLOOKUP($AF35,'251014'!$A$1:$M$200,5,FALSE) -> 0 | AK35: =AI35-AG35 -> 187477 | AL35: =AK35-AG35 -> 3475 | AM35: =AJ35-AH35 -> 0 | AN35: =VLOOKUP($AF35,'251015'!$A$1:$M$200,4,FALSE) -> 579203 | AO35: =VLOOKUP($AF35,'251015'!$A$1:$M$200,5,FALSE) -> 0 | AP35: =AN35-AI35 -> 207724 | AQ35: =AP35-AK35 -> 20247 | AR35: =AO35-AJ35 -> 0 | AS35: =VLOOKUP($AF35,'251016'!$A$1:$M$200,4,FALSE) -> 758996 | AT35: =VLOOKUP($AF35,'251016'!$A$1:$M$200,5,FALSE) -> 0 | AU35: =AS35-AN35 -> 179793 | AV35: =AU35-AP35 -> -27931 | AW35: =AT35-AO35 -> 0 | AX35: =VLOOKUP($AF35,'251017'!$A$1:$M$200,4,FALSE) -> 940612 | AY35: =VLOOKUP($AF35,'251017'!$A$1:$M$200,5,FALSE) -> 0 | AZ35: =AX35-AS35 -> 181616 | BA35: =AZ35-AU35 -> 1823 | BB35: =AY35-AT35 -> 0 | BC35: =VLOOKUP($AF35,'251018'!$A$1:$M$200,4,FALSE) -> 1153856 | BD35: =VLOOKUP($AF35,'251018'!$A$1:$M$200,5,FALSE) -> 0 | BE35: =BC35-AX35 -> 213244 | BF35: =BE35-AZ35 -> 31628 | BG35: =BD35-AY35 -> 0 | BH35: =VLOOKUP($AF35,'251018'!$A$1:$M$200,4,FALSE) -> 1153856
... B45: 불눈이티비 | C45: =VLOOKUP($B45,'251008_0시'!$A$1:$M$200,4,FALSE) -> 345392 | D45: =VLOOKUP($B45,'251008_0시'!$A$1:$M$200,5,FALSE) -> 0 | E45: =VLOOKUP($B45,'251009_0시'!$A$1:$M$200,4,FALSE) -> 550847 | F45: =VLOOKUP($B45,'251009_0시'!$A$1:$M$200,5,FALSE) -> 77 | G45: =E45-C45 -> 205455 | H45: =G45-(C45/2) -> 32759 | I45: =F45-D45 -> 77 | J45: =VLOOKUP($B45,'251010_0시'!$A$1:$M$200,4,FALSE) -> 762582 | K45: =VLOOKUP($B45,'251010_0시'!$A$1:$M$200,5,FALSE) -> 274 | L45: =J45-E45 -> 211735 | M45: =L45-G45 -> 6280 | N45: =K45-F45 -> 197 | O45: =VLOOKUP($B45,'251011_0시'!$A$1:$M$200,4,FALSE) -> 892946 | P45: =VLOOKUP($B45,'251011_0시'!$A$1:$M$200,5,FALSE) -> 274 | Q45: =O45-J45 -> 130364 | R45: =Q45-L45 -> -81371 | S45: =P45-K45 -> 0 | T45: =VLOOKUP($B45,'251012_0시'!$A$1:$M$200,4,FALSE) -> 1016977 | U45: =VLOOKUP($B45,'251012_0시'!$A$1:$M$200,5,FALSE) -> 274 | V45: =T45-O45 -> 124031 | W45: =V45-Q45 -> -6333 | X45: =U45-P45 -> 0 | Y45: =VLOOKUP($B45,'251013_0시'!$A$1:$M$200,4,FALSE) -> 1179803 | Z45: =VLOOKUP($B45,'251013_0시'!$A$1:$M$200,5,FALSE) -> 274 | AA45: =Y45-T45 -> 162826 | AB45: =AA45-V45 -> 38795 | AC45: =Z45-U45 -> 0 | AD45: =VLOOKUP($B45,'251013_0시'!$A$1:$M$200,4,FALSE) -> 1179803 | AF45: 기파랑해 | AG45: =VLOOKUP($AF45,'251013'!$A$1:$M$200,4,FALSE) -> 182307 | AH45: =VLOOKUP($AF45,'251013'!$A$1:$M$200,5,FALSE) -> 472 | AI45: =VLOOKUP($AF45,'251014'!$A$1:$M$200,4,FALSE) -> 340289 | AJ45: =VLOOKUP($AF45,'251014'!$A$1:$M$200,5,FALSE) -> 472 | AK45: =AI45-AG45 -> 157982 | AL45: =AK45-AG45 -> -24325 | AM45: =AJ45-AH45 -> 0 | AN45: =VLOOKUP($AF45,'251015'!$A$1:$M$200,4,FALSE) -> 518260 | AO45: =VLOOKUP($AF45,'251015'!$A$1:$M$200,5,FALSE) -> 522 | AP45: =AN45-AI45 -> 177971 | AQ45: =AP45-AK45 -> 19989 | AR45: =AO45-AJ45 -> 50 | AS45: =VLOOKUP($AF45,'251016'!$A$1:$M$200,4,FALSE) -> 704953 | AT45: =VLOOKUP($AF45,'251016'!$A$1:$M$200,5,FALSE) -> 522 | AU45: =AS45-AN45 -> 186693 | AV45: =AU45-AP45 -> 8722 | AW45: =AT45-AO45 -> 0 | AX45: =VLOOKUP($AF45,'251017'!$A$1:$M$200,4,FALSE) -> 900640 | AY45: =VLOOKUP($AF45,'251017'!$A$1:$M$200,5,FALSE) -> 522 | AZ45: =AX45-AS45 -> 195687 | BA45: =AZ45-AU45 -> 8994 | BB45: =AY45-AT45 -> 0 | BC45: =VLOOKUP($AF45,'251018'!$A$1:$M$200,4,FALSE) -> 1076134 | BD45: =VLOOKUP($AF45,'251018'!$A$1:$M$200,5,FALSE) -> 522 | BE45: =BC45-AX45 -> 175494 | BF45: =BE45-AZ45 -> -20193 | BG45: =BD45-AY45 -> 0 | BH45: =VLOOKUP($AF45,'251018'!$A$1:$M$200,4,FALSE) -> 1076134
A46: 컬러단 | B46: 必보이쓰피싱 | C46: =VLOOKUP($B46,'251008_0시'!$A$1:$M$200,4,FALSE) -> 370168 | D46: =VLOOKUP($B46,'251008_0시'!$A$1:$M$200,5,FALSE) -> 2300 | E46: =VLOOKUP($B46,'251009_0시'!$A$1:$M$200,4,FALSE) -> 595673 | F46: =VLOOKUP($B46,'251009_0시'!$A$1:$M$200,5,FALSE) -> 3550 | G46: =E46-C46 -> 225505 | H46: =G46-(C46/2) -> 40421 | I46: =F46-D46 -> 1250 | J46: =VLOOKUP($B46,'251010_0시'!$A$1:$M$200,4,FALSE) -> 769550 | K46: =VLOOKUP($B46,'251010_0시'!$A$1:$M$200,5,FALSE) -> 6050 | L46: =J46-E46 -> 173877 | M46: =L46-G46 -> -51628 | N46: =K46-F46 -> 2500 | O46: =VLOOKUP($B46,'251011_0시'!$A$1:$M$200,4,FALSE) -> 895909 | P46: =VLOOKUP($B46,'251011_0시'!$A$1:$M$200,5,FALSE) -> 6500 | Q46: =O46-J46 -> 126359 | R46: =Q46-L46 -> -47518 | S46: =P46-K46 -> 450 | T46: =VLOOKUP($B46,'251012_0시'!$A$1:$M$200,4,FALSE) -> 1041612 | U46: =VLOOKUP($B46,'251012_0시'!$A$1:$M$200,5,FALSE) -> 7150 | V46: =T46-O46 -> 145703 | W46: =V46-Q46 -> 19344 | X46: =U46-P46 -> 650 | Y46: =VLOOKUP($B46,'251013_0시'!$A$1:$M$200,4,FALSE) -> 1168590 | Z46: =VLOOKUP($B46,'251013_0시'!$A$1:$M$200,5,FALSE) -> 8050 | AA46: =Y46-T46 -> 126978 | AB46: =AA46-V46 -> -18725 | AC46: =Z46-U46 -> 900 | AD46: =VLOOKUP($B46,'251013_0시'!$A$1:$M$200,4,FALSE) -> 1168590 | AF46: 必청설 | AG46: =VLOOKUP($AF46,'251013'!$A$1:$M$200,4,FALSE) -> 179829 | AH46: =VLOOKUP($AF46,'251013'!$A$1:$M$200,5,FALSE) -> 4950 | AI46: =VLOOKUP($AF46,'251014'!$A$1:$M$200,4,FALSE) -> 356492 | AJ46: =VLOOKUP($AF46,'251014'!$A$1:$M$200,5,FALSE) -> 11250 | AK46: =AI46-AG46 -> 176663 | AL46: =AK46-AG46 -> -3166 | AM46: =AJ46-AH46 -> 6300 | AN46: =VLOOKUP($AF46,'251015'!$A$1:$M$200,4,FALSE) -> 546154 | AO46: =VLOOKUP($AF46,'251015'!$A$1:$M$200,5,FALSE) -> 11250 | AP46: =AN46-AI46 -> 189662 | AQ46: =AP46-AK46 -> 12999 | AR46: =AO46-AJ46 -> 0 | AS46: =VLOOKUP($AF46,'251016'!$A$1:$M$200,4,FALSE) -> 733004 | AT46: =VLOOKUP($AF46,'251016'!$A$1:$M$200,5,FALSE) -> 11250 | AU46: =AS46-AN46 -> 186850 | AV46: =AU46-AP46 -> -2812 | AW46: =AT46-AO46 -> 0 | AX46: =VLOOKUP($AF46,'251017'!$A$1:$M$200,4,FALSE) -> 897969 | AY46: =VLOOKUP($AF46,'251017'!$A$1:$M$200,5,FALSE) -> 11250 | AZ46: =AX46-AS46 -> 164965 | BA46: =AZ46-AU46 -> -21885 | BB46: =AY46-AT46 -> 0 | BC46: =VLOOKUP($AF46,'251018'!$A$1:$M$200,4,FALSE) -> 1073879 | BD46: =VLOOKUP($AF46,'251018'!$A$1:$M$200,5,FALSE) -> 11700 | BE46: =BC46-AX46 -> 175910 | BF46: =BE46-AZ46 -> 10945 | BG46: =BD46-AY46 -> 450 | BH46: =VLOOKUP($AF46,'251018'!$A$1:$M$200,4,FALSE) -> 1073879
B47: 株타이틀 | C47: =VLOOKUP($B47,'251008_0시'!$A$1:$M$200,4,FALSE) -> 340252 | D47: =VLOOKUP($B47,'251008_0시'!$A$1:$M$200,5,FALSE) -> 0 | E47: =VLOOKUP($B47,'251009_0시'!$A$1:$M$200,4,FALSE) -> 514608 | F47: =VLOOKUP($B47,'251009_0시'!$A$1:$M$200,5,FALSE) -> 350 | G47: =E47-C47 -> 174356 | H47: =G47-(C47/2) -> 4230 | I47: =F47-D47 -> 350 | J47: =VLOOKUP($B47,'251010_0시'!$A$1:$M$200,4,FALSE) -> 686031 | K47: =VLOOKUP($B47,'251010_0시'!$A$1:$M$200,5,FALSE) -> 872 | L47: =J47-E47 -> 171423 | M47: =L47-G47 -> -2933 | N47: =K47-F47 -> 522 | O47: =VLOOKUP($B47,'251011_0시'!$A$1:$M$200,4,FALSE) -> 829738 | P47: =VLOOKUP($B47,'251011_0시'!$A$1:$M$200,5,FALSE) -> 872 | Q47: =O47-J47 -> 143707 | R47: =Q47-L47 -> -27716 | S47: =P47-K47 -> 0 | T47: =VLOOKUP($B47,'251012_0시'!$A$1:$M$200,4,FALSE) -> 991593 | U47: =VLOOKUP($B47,'251012_0시'!$A$1:$M$200,5,FALSE) -> 1133 | V47: =T47-O47 -> 161855 | W47: =V47-Q47 -> 18148 | X47: =U47-P47 -> 261 | Y47: =VLOOKUP($B47,'251013_0시'!$A$1:$M$200,4,FALSE) -> 1168075 | Z47: =VLOOKUP($B47,'251013_0시'!$A$1:$M$200,5,FALSE) -> 1183 | AA47: =Y47-T47 -> 176482 | AB47: =AA47-V47 -> 14627 | AC47: =Z47-U47 -> 50 | AD47: =VLOOKUP($B47,'251013_0시'!$A$1:$M$200,4,FALSE) -> 1168075 | AF47: 헁기싫어 | AG47: =VLOOKUP($AF47,'251013'!$A$1:$M$200,4,FALSE) -> 192727 | AH47: =VLOOKUP($AF47,'251013'!$A$1:$M$200,5,FALSE) -> 600 | AI47: =VLOOKUP($AF47,'251014'!$A$1:$M$200,4,FALSE) -> 371039 | AJ47: =VLOOKUP($AF47,'251014'!$A$1:$M$200,5,FALSE) -> 802 | AK47: =AI47-AG47 -> 178312 | AL47: =AK47-AG47 -> -14415 | AM47: =AJ47-AH47 -> 202 | AN47: =VLOOKUP($AF47,'251015'!$A$1:$M$200,4,FALSE) -> 544657 | AO47: =VLOOKUP($AF47,'251015'!$A$1:$M$200,5,FALSE) -> 802 | AP47: =AN47-AI47 -> 173618 | AQ47: =AP47-AK47 -> -4694 | AR47: =AO47-AJ47 -> 0 | AS47: =VLOOKUP($AF47,'251016'!$A$1:$M$200,4,FALSE) -> 685581 | AT47: =VLOOKUP($AF47,'251016'!$A$1:$M$200,5,FALSE) -> 802 | AU47: =AS47-AN47 -> 140924 | AV47: =AU47-AP47 -> -32694 | AW47: =AT47-AO47 -> 0 | AX47: =VLOOKUP($AF47,'251017'!$A$1:$M$200,4,FALSE) -> 874630 | AY47: =VLOOKUP($AF47,'251017'!$A$1:$M$200,5,FALSE) -> 852 | AZ47: =AX47-AS47 -> 189049 | BA47: =AZ47-AU47 -> 48125 | BB47: =AY47-AT47 -> 50 | BC47: =VLOOKUP($AF47,'251018'!$A$1:$M$200,4,FALSE) -> 1059851 | BD47: =VLOOKUP($AF47,'251018'!$A$1:$M$200,5,FALSE) -> 1052 | BE47: =BC47-AX47 -> 185221 | BF47: =BE47-AZ47 -> -3828 | BG47: =BD47-AY47 -> 200 | BH47: =VLOOKUP($AF47,'251018'!$A$1:$M$200,4,FALSE) -> 1059851
B48: 必귀살대 | C48: =VLOOKUP($B48,'251008_0시'!$A$1:$M$200,4,FALSE) -> 300721 | D48: =VLOOKUP($B48,'251008_0시'!$A$1:$M$200,5,FALSE) -> 650 | E48: =VLOOKUP($B48,'251009_0시'!$A$1:$M$200,4,FALSE) -> 464818 | F48: =VLOOKUP($B48,'251009_0시'!$A$1:$M$200,5,FALSE) -> 870 | G48: =E48-C48 -> 164097 | H48: =G48-(C48/2) -> 13736.5 | I48: =F48-D48 -> 220 | J48: =VLOOKUP($B48,'251010_0시'!$A$1:$M$200,4,FALSE) -> 646039 | K48: =VLOOKUP($B48,'251010_0시'!$A$1:$M$200,5,FALSE) -> 2677 | L48: =J48-E48 -> 181221 | M48: =L48-G48 -> 17124 | N48: =K48-F48 -> 1807 | O48: =VLOOKUP($B48,'251011_0시'!$A$1:$M$200,4,FALSE) -> 815142 | P48: =VLOOKUP($B48,'251011_0시'!$A$1:$M$200,5,FALSE) -> 4127 | Q48: =O48-J48 -> 169103 | R48: =Q48-L48 -> -12118 | S48: =P48-K48 -> 1450 | T48: =VLOOKUP($B48,'251012_0시'!$A$1:$M$200,4,FALSE) -> 979729 | U48: =VLOOKUP($B48,'251012_0시'!$A$1:$M$200,5,FALSE) -> 5247 | V48: =T48-O48 -> 164587 | W48: =V48-Q48 -> -4516 | X48: =U48-P48 -> 1120 | Y48: =VLOOKUP($B48,'251013_0시'!$A$1:$M$200,4,FALSE) -> 1166059 | Z48: =VLOOKUP($B48,'251013_0시'!$A$1:$M$200,5,FALSE) -> 6997 | AA48: =Y48-T48 -> 186330 | AB48: =AA48-V48 -> 21743 | AC48: =Z48-U48 -> 1750 | AD48: =VLOOKUP($B48,'251013_0시'!$A$1:$M$200,4,FALSE) -> 1166059 | AF48: 羊현묘 | AG48: =VLOOKUP($AF48,'251013'!$A$1:$M$200,4,FALSE) -> 160998 | AH48: =VLOOKUP($AF48,'251013'!$A$1:$M$200,5,FALSE) -> 376 | AI48: =VLOOKUP($AF48,'251014'!$A$1:$M$200,4,FALSE) -> 302816 | AJ48: =VLOOKUP($AF48,'251014'!$A$1:$M$200,5,FALSE) -> 376 | AK48: =AI48-AG48 -> 141818 | AL48: =AK48-AG48 -> -19180 | AM48: =AJ48-AH48 -> 0 | AN48: =VLOOKUP($AF48,'251015'!$A$1:$M$200,4,FALSE) -> 495491 | AO48: =VLOOKUP($AF48,'251015'!$A$1:$M$200,5,FALSE) -> 376 | AP48: =AN48-AI48 -> 192675 | AQ48: =AP48-AK48 -> 50857 | AR48: =AO48-AJ48 -> 0 | AS48: =VLOOKUP($AF48,'251016'!$A$1:$M$200,4,FALSE) -> 614131 | AT48: =VLOOKUP($AF48,'251016'!$A$1:$M$200,5,FALSE) -> 426 | AU48: =AS48-AN48 -> 118640 | AV48: =AU48-AP48 -> -74035 | AW48: =AT48-AO48 -> 50 | AX48: =VLOOKUP($AF48,'251017'!$A$1:$M$200,4,FALSE) -> 841072 | AY48: =VLOOKUP($AF48,'251017'!$A$1:$M$200,5,FALSE) -> 426 | AZ48: =AX48-AS48 -> 226941 | BA48: =AZ48-AU48 -> 108301 | BB48: =AY48-AT48 -> 0 | BC48: =VLOOKUP($AF48,'251018'!$A$1:$M$200,4,FALSE) -> 1055346 | BD48: =VLOOKUP($AF48,'251018'!$A$1:$M$200,5,FALSE) -> 426 | BE48: =BC48-AX48 -> 214274 | BF48: =BE48-AZ48 -> -12667 | BG48: =BD48-AY48 -> 0 | BH48: =VLOOKUP($AF48,'251018'!$A$1:$M$200,4,FALSE) -> 1055346
B49: 羊알부장 | C49: =VLOOKUP($B49,'251008_0시'!$A$1:$M$200,4,FALSE) -> 270890 | D49: =VLOOKUP($B49,'251008_0시'!$A$1:$M$200,5,FALSE) -> 350 | E49: =VLOOKUP($B49,'251009_0시'!$A$1:$M$200,4,FALSE) -> 445287 | F49: =VLOOKUP($B49,'251009_0시'!$A$1:$M$200,5,FALSE) -> 350 | G49: =E49-C49 -> 174397 | H49: =G49-(C49/2) -> 38952 | I49: =F49-D49 -> 0 | J49: =VLOOKUP($B49,'251010_0시'!$A$1:$M$200,4,FALSE) -> 616397 | K49: =VLOOKUP($B49,'251010_0시'!$A$1:$M$200,5,FALSE) -> 350 | L49: =J49-E49 -> 171110 | M49: =L49-G49 -> -3287 | N49: =K49-F49 -> 0 | O49: =VLOOKUP($B49,'251011_0시'!$A$1:$M$200,4,FALSE) -> 822833 | P49: =VLOOKUP($B49,'251011_0시'!$A$1:$M$200,5,FALSE) -> 350 | Q49: =O49-J49 -> 206436 | R49: =Q49-L49 -> 35326 | S49: =P49-K49 -> 0 | T49: =VLOOKUP($B49,'251012_0시'!$A$1:$M$200,4,FALSE) -> 975595 | U49: =VLOOKUP($B49,'251012_0시'!$A$1:$M$200,5,FALSE) -> 350 | V49: =T49-O49 -> 152762 | W49: =V49-Q49 -> -53674 | X49: =U49-P49 -> 0 | Y49: =VLOOKUP($B49,'251013_0시'!$A$1:$M$200,4,FALSE) -> 1161257 | Z49: =VLOOKUP($B49,'251013_0시'!$A$1:$M$200,5,FALSE) -> 350 | AA49: =Y49-T49 -> 185662 | AB49: =AA49-V49 -> 32900 | AC49: =Z49-U49 -> 0 | AD49: =VLOOKUP($B49,'251013_0시'!$A$1:$M$200,4,FALSE) -> 1161257 | AF49: 必먼치킨 | AG49: =VLOOKUP($AF49,'251013'!$A$1:$M$200,4,FALSE) -> 139468 | AH49: =VLOOKUP($AF49,'251013'!$A$1:$M$200,5,FALSE) -> 1430 | AI49: =VLOOKUP($AF49,'251014'!$A$1:$M$200,4,FALSE) -> 318845 | AJ49: =VLOOKUP($AF49,'251014'!$A$1:$M$200,5,FALSE) -> 1430 | AK49: =AI49-AG49 -> 179377 | AL49: =AK49-AG49 -> 39909 | AM49: =AJ49-AH49 -> 0 | AN49: =VLOOKUP($AF49,'251015'!$A$1:$M$200,4,FALSE) -> 438784 | AO49: =VLOOKUP($AF49,'251015'!$A$1:$M$200,5,FALSE) -> 1430 | AP49: =AN49-AI49 -> 119939 | AQ49: =AP49-AK49 -> -59438 | AR49: =AO49-AJ49 -> 0 | AS49: =VLOOKUP($AF49,'251016'!$A$1:$M$200,4,FALSE) -> 653153 | AT49: =VLOOKUP($AF49,'251016'!$A$1:$M$200,5,FALSE) -> 1430 | AU49: =AS49-AN49 -> 214369 | AV49: =AU49-AP49 -> 94430 | AW49: =AT49-AO49 -> 0 | AX49: =VLOOKUP($AF49,'251017'!$A$1:$M$200,4,FALSE) -> 814731 | AY49: =VLOOKUP($AF49,'251017'!$A$1:$M$200,5,FALSE) -> 1430 | AZ49: =AX49-AS49 -> 161578 | BA49: =AZ49-AU49 -> -52791 | BB49: =AY49-AT49 -> 0 | BC49: =VLOOKUP($AF49,'251018'!$A$1:$M$200,4,FALSE) -> 1050620 | BD49: =VLOOKUP($AF49,'251018'!$A$1:$M$200,5,FALSE) -> 1430 | BE49: =BC49-AX49 -> 235889 | BF49: =BE49-AZ49 -> 74311 | BG49: =BD49-AY49 -> 0 | BH49: =VLOOKUP($AF49,'251018'!$A$1:$M$200,4,FALSE) -> 1050620
B50: 必시기 | C50: =VLOOKUP($B50,'251008_0시'!$A$1:$M$200,4,FALSE) -> 305110 | D50: =VLOOKUP($B50,'251008_0시'!$A$1:$M$200,5,FALSE) -> 0 | E50: =VLOOKUP($B50,'251009_0시'!$A$1:$M$200,4,FALSE) -> 491869 | F50: =VLOOKUP($B50,'251009_0시'!$A$1:$M$200,5,FALSE) -> 0 | G50: =E50-C50 -> 186759 | H50: =G50-(C50/2) -> 34204 | I50: =F50-D50 -> 0 | J50: =VLOOKUP($B50,'251010_0시'!$A$1:$M$200,4,FALSE) -> 635773 | K50: =VLOOKUP($B50,'251010_0시'!$A$1:$M$200,5,FALSE) -> 303 | L50: =J50-E50 -> 143904 | M50: =L50-G50 -> -42855 | N50: =K50-F50 -> 303 | O50: =VLOOKUP($B50,'251011_0시'!$A$1:$M$200,4,FALSE) -> 781451 | P50: =VLOOKUP($B50,'251011_0시'!$A$1:$M$200,5,FALSE) -> 303 | Q50: =O50-J50 -> 145678 | R50: =Q50-L50 -> 1774 | S50: =P50-K50 -> 0 | T50: =VLOOKUP($B50,'251012_0시'!$A$1:$M$200,4,FALSE) -> 977565 | U50: =VLOOKUP($B50,'251012_0시'!$A$1:$M$200,5,FALSE) -> 303 | V50: =T50-O50 -> 196114 | W50: =V50-Q50 -> 50436 | X50: =U50-P50 -> 0 | Y50: =VLOOKUP($B50,'251013_0시'!$A$1:$M$200,4,FALSE) -> 1153847 | Z50: =VLOOKUP($B50,'251013_0시'!$A$1:$M$200,5,FALSE) -> 303 | AA50: =Y50-T50 -> 176282 | AB50: =AA50-V50 -> -19832 | AC50: =Z50-U50 -> 0 | AD50: =VLOOKUP($B50,'251013_0시'!$A$1:$M$200,4,FALSE) -> 1153847 | AF50: 必스텔라B | AG50: =VLOOKUP($AF50,'251013'!$A$1:$M$200,4,FALSE) -> 178490 | AH50: =VLOOKUP($AF50,'251013'!$A$1:$M$200,5,FALSE) -> 1403 | AI50: =VLOOKUP($AF50,'251014'!$A$1:$M$200,4,FALSE) -> 343879 | AJ50: =VLOOKUP($AF50,'251014'!$A$1:$M$200,5,FALSE) -> 2367 | AK50: =AI50-AG50 -> 165389 | AL50: =AK50-AG50 -> -13101 | AM50: =AJ50-AH50 -> 964 | AN50: =VLOOKUP($AF50,'251015'!$A$1:$M$200,4,FALSE) -> 538011 | AO50: =VLOOKUP($AF50,'251015'!$A$1:$M$200,5,FALSE) -> 2367 | AP50: =AN50-AI50 -> 194132 | AQ50: =AP50-AK50 -> 28743 | AR50: =AO50-AJ50 -> 0 | AS50: =VLOOKUP($AF50,'251016'!$A$1:$M$200,4,FALSE) -> 679730 | AT50: =VLOOKUP($AF50,'251016'!$A$1:$M$200,5,FALSE) -> 2367 | AU50: =AS50-AN50 -> 141719 | AV50: =AU50-AP50 -> -52413 | AW50: =AT50-AO50 -> 0 | AX50: =VLOOKUP($AF50,'251017'!$A$1:$M$200,4,FALSE) -> 876789 | AY50: =VLOOKUP($AF50,'251017'!$A$1:$M$200,5,FALSE) -> 2367 | AZ50: =AX50-AS50 -> 197059 | BA50: =AZ50-AU50 -> 55340 | BB50: =AY50-AT50 -> 0 | BC50: =VLOOKUP($AF50,'251018'!$A$1:$M$200,4,FALSE) -> 1050441 | BD50: =VLOOKUP($AF50,'251018'!$A$1:$M$200,5,FALSE) -> 2367 | BE50: =BC50-AX50 -> 173652 | BF50: =BE50-AZ50 -> -23407 | BG50: =BD50-AY50 -> 0 | BH50: =VLOOKUP($AF50,'251018'!$A$1:$M$200,4,FALSE) -> 1050441
B51: 必스텔라B | C51: =VLOOKUP($B51,'251008_0시'!$A$1:$M$200,4,FALSE) -> 273010 | D51: =VLOOKUP($B51,'251008_0시'!$A$1:$M$200,5,FALSE) -> 50 | E51: =VLOOKUP($B51,'251009_0시'!$A$1:$M$200,4,FALSE) -> 447024 | F51: =VLOOKUP($B51,'251009_0시'!$A$1:$M$200,5,FALSE) -> 50 | G51: =E51-C51 -> 174014 | H51: =G51-(C51/2) -> 37509 | I51: =F51-D51 -> 0 | J51: =VLOOKUP($B51,'251010_0시'!$A$1:$M$200,4,FALSE) -> 598738 | K51: =VLOOKUP($B51,'251010_0시'!$A$1:$M$200,5,FALSE) -> 858 | L51: =J51-E51 -> 151714 | M51: =L51-G51 -> -22300 | N51: =K51-F51 -> 808 | O51: =VLOOKUP($B51,'251011_0시'!$A$1:$M$200,4,FALSE) -> 766967 | P51: =VLOOKUP($B51,'251011_0시'!$A$1:$M$200,5,FALSE) -> 858 | Q51: =O51-J51 -> 168229 | R51: =Q51-L51 -> 16515 | S51: =P51-K51 -> 0 | T51: =VLOOKUP($B51,'251012_0시'!$A$1:$M$200,4,FALSE) -> 961465 | U51: =VLOOKUP($B51,'251012_0시'!$A$1:$M$200,5,FALSE) -> 1358 | V51: =T51-O51 -> 194498 | W51: =V51-Q51 -> 26269 | X51: =U51-P51 -> 500 | Y51: =VLOOKUP($B51,'251013_0시'!$A$1:$M$200,4,FALSE) -> 1152968 | Z51: =VLOOKUP($B51,'251013_0시'!$A$1:$M$200,5,FALSE) -> 1708 | AA51: =Y51-T51 -> 191503 | AB51: =AA51-V51 -> -2995 | AC51: =Z51-U51 -> 350 | AD51: =VLOOKUP($B51,'251013_0시'!$A$1:$M$200,4,FALSE) -> 1152968 | AF51: 株레플 | AG51: =VLOOKUP($AF51,'251013'!$A$1:$M$200,4,FALSE) -> 126586 | AH51: =VLOOKUP($AF51,'251013'!$A$1:$M$200,5,FALSE) -> 350 | AI51: =VLOOKUP($AF51,'251014'!$A$1:$M$200,4,FALSE) -> 322521 | AJ51: =VLOOKUP($AF51,'251014'!$A$1:$M$200,5,FALSE) -> 762 | AK51: =AI51-AG51 -> 195935 | AL51: =AK51-AG51 -> 69349 | AM51: =AJ51-AH51 -> 412 | AN51: =VLOOKUP($AF51,'251015'!$A$1:$M$200,4,FALSE) -> 501975 | AO51: =VLOOKUP($AF51,'251015'!$A$1:$M$200,5,FALSE) -> 1010 | AP51: =AN51-AI51 -> 179454 | AQ51: =AP51-AK51 -> -16481 | AR51: =AO51-AJ51 -> 248 | AS51: =VLOOKUP($AF51,'251016'!$A$1:$M$200,4,FALSE) -> 619945 | AT51: =VLOOKUP($AF51,'251016'!$A$1:$M$200,5,FALSE) -> 1010 | AU51: =AS51-AN51 -> 117970 | AV51: =AU51-AP51 -> -61484 | AW51: =AT51-AO51 -> 0 | AX51: =VLOOKUP($AF51,'251017'!$A$1:$M$200,4,FALSE) -> 850844 | AY51: =VLOOKUP($AF51,'251017'!$A$1:$M$200,5,FALSE) -> 1010 | AZ51: =AX51-AS51 -> 230899 | BA51: =AZ51-AU51 -> 112929 | BB51: =AY51-AT51 -> 0 | BC51: =VLOOKUP($AF51,'251018'!$A$1:$M$200,4,FALSE) -> 1048023 | BD51: =VLOOKUP($AF51,'251018'!$A$1:$M$200,5,FALSE) -> 1010 | BE51: =BC51-AX51 -> 197179 | BF51: =BE51-AZ51 -> -33720 | BG51: =BD51-AY51 -> 0 | BH51: =VLOOKUP($AF51,'251018'!$A$1:$M$200,4,FALSE) -> 1048023
B52: 必설리 | C52: =VLOOKUP($B52,'251008_0시'!$A$1:$M$200,4,FALSE) -> 318326 | D52: =VLOOKUP($B52,'251008_0시'!$A$1:$M$200,5,FALSE) -> 2280 | E52: =VLOOKUP($B52,'251009_0시'!$A$1:$M$200,4,FALSE) -> 511385 | F52: =VLOOKUP($B52,'251009_0시'!$A$1:$M$200,5,FALSE) -> 6330 | G52: =E52-C52 -> 193059 | H52: =G52-(C52/2) -> 33896 | I52: =F52-D52 -> 4050 | J52: =VLOOKUP($B52,'251010_0시'!$A$1:$M$200,4,FALSE) -> 675856 | K52: =VLOOKUP($B52,'251010_0시'!$A$1:$M$200,5,FALSE) -> 9380 | L52: =J52-E52 -> 164471 | M52: =L52-G52 -> -28588 | N52: =K52-F52 -> 3050 | O52: =VLOOKUP($B52,'251011_0시'!$A$1:$M$200,4,FALSE) -> 820069 | P52: =VLOOKUP($B52,'251011_0시'!$A$1:$M$200,5,FALSE) -> 11180 | Q52: =O52-J52 -> 144213 | R52: =Q52-L52 -> -20258 | S52: =P52-K52 -> 1800 | T52: =VLOOKUP($B52,'251012_0시'!$A$1:$M$200,4,FALSE) -> 1012521 | U52: =VLOOKUP($B52,'251012_0시'!$A$1:$M$200,5,FALSE) -> 17030 | V52: =T52-O52 -> 192452 | W52: =V52-Q52 -> 48239 | X52: =U52-P52 -> 5850 | Y52: =VLOOKUP($B52,'251013_0시'!$A$1:$M$200,4,FALSE) -> 1152135 | Z52: =VLOOKUP($B52,'251013_0시'!$A$1:$M$200,5,FALSE) -> 21080 | AA52: =Y52-T52 -> 139614 | AB52: =AA52-V52 -> -52838 | AC52: =Z52-U52 -> 4050 | AD52: =VLOOKUP($B52,'251013_0시'!$A$1:$M$200,4,FALSE) -> 1152135 | AF52: 必무이 | AG52: =VLOOKUP($AF52,'251013'!$A$1:$M$200,4,FALSE) -> 160051 | AH52: =VLOOKUP($AF52,'251013'!$A$1:$M$200,5,FALSE) -> 0 | AI52: =VLOOKUP($AF52,'251014'!$A$1:$M$200,4,FALSE) -> 267736 | AJ52: =VLOOKUP($AF52,'251014'!$A$1:$M$200,5,FALSE) -> 0 | AK52: =AI52-AG52 -> 107685 | AL52: =AK52-AG52 -> -52366 | AM52: =AJ52-AH52 -> 0 | AN52: =VLOOKUP($AF52,'251015'!$A$1:$M$200,4,FALSE) -> 459160 | AO52: =VLOOKUP($AF52,'251015'!$A$1:$M$200,5,FALSE) -> 0 | AP52: =AN52-AI52 -> 191424 | AQ52: =AP52-AK52 -> 83739 | AR52: =AO52-AJ52 -> 0 | AS52: =VLOOKUP($AF52,'251016'!$A$1:$M$200,4,FALSE) -> 614780 | AT52: =VLOOKUP($AF52,'251016'!$A$1:$M$200,5,FALSE) -> 0 | AU52: =AS52-AN52 -> 155620 | AV52: =AU52-AP52 -> -35804 | AW52: =AT52-AO52 -> 0 | AX52: =VLOOKUP($AF52,'251017'!$A$1:$M$200,4,FALSE) -> 852062 | AY52: =VLOOKUP($AF52,'251017'!$A$1:$M$200,5,FALSE) -> 77 | AZ52: =AX52-AS52 -> 237282 | BA52: =AZ52-AU52 -> 81662 | BB52: =AY52-AT52 -> 77 | BC52: =VLOOKUP($AF52,'251018'!$A$1:$M$200,4,FALSE) -> 1039919 | BD52: =VLOOKUP($AF52,'251018'!$A$1:$M$200,5,FALSE) -> 77 | BE52: =BC52-AX52 -> 187857 | BF52: =BE52-AZ52 -> -49425 | BG52: =BD52-AY52 -> 0 | BH52: =VLOOKUP($AF52,'251018'!$A$1:$M$200,4,FALSE) -> 1039919
B53: 폭우의날 | C53: =VLOOKUP($B53,'251008_0시'!$A$1:$M$200,4,FALSE) -> 324878 | D53: =VLOOKUP($B53,'251008_0시'!$A$1:$M$200,5,FALSE) -> 100 | E53: =VLOOKUP($B53,'251009_0시'!$A$1:$M$200,4,FALSE) -> 488099 | F53: =VLOOKUP($B53,'251009_0시'!$A$1:$M$200,5,FALSE) -> 2350 | G53: =E53-C53 -> 163221 | H53: =G53-(C53/2) -> 782 | I53: =F53-D53 -> 2250 | J53: =VLOOKUP($B53,'251010_0시'!$A$1:$M$200,4,FALSE) -> 684758 | K53: =VLOOKUP($B53,'251010_0시'!$A$1:$M$200,5,FALSE) -> 5500 | L53: =J53-E53 -> 196659 | M53: =L53-G53 -> 33438 | N53: =K53-F53 -> 3150 | O53: =VLOOKUP($B53,'251011_0시'!$A$1:$M$200,4,FALSE) -> 818150 | P53: =VLOOKUP($B53,'251011_0시'!$A$1:$M$200,5,FALSE) -> 7300 | Q53: =O53-J53 -> 133392 | R53: =Q53-L53 -> -63267 | S53: =P53-K53 -> 1800 | T53: =VLOOKUP($B53,'251012_0시'!$A$1:$M$200,4,FALSE) -> 972584 | U53: =VLOOKUP($B53,'251012_0시'!$A$1:$M$200,5,FALSE) -> 7300 | V53: =T53-O53 -> 154434 | W53: =V53-Q53 -> 21042 | X53: =U53-P53 -> 0 | Y53: =VLOOKUP($B53,'251013_0시'!$A$1:$M$200,4,FALSE) -> 1148082 | Z53: =VLOOKUP($B53,'251013_0시'!$A$1:$M$200,5,FALSE) -> 7300 | AA53: =Y53-T53 -> 175498 | AB53: =AA53-V53 -> 21064 | AC53: =Z53-U53 -> 0 | AD53: =VLOOKUP($B53,'251013_0시'!$A$1:$M$200,4,FALSE) -> 1148082 | AF53: 株미아핑 | AG53: =VLOOKUP($AF53,'251013'!$A$1:$M$200,4,FALSE) -> 149549 | AH53: =VLOOKUP($AF53,'251013'!$A$1:$M$200,5,FALSE) -> 300 | AI53: =VLOOKUP($AF53,'251014'!$A$1:$M$200,4,FALSE) -> 317343 | AJ53: =VLOOKUP($AF53,'251014'!$A$1:$M$200,5,FALSE) -> 300 | AK53: =AI53-AG53 -> 167794 | AL53: =AK53-AG53 -> 18245 | AM53: =AJ53-AH53 -> 0 | AN53: =VLOOKUP($AF53,'251015'!$A$1:$M$200,4,FALSE) -> 509731 | AO53: =VLOOKUP($AF53,'251015'!$A$1:$M$200,5,FALSE) -> 300 | AP53: =AN53-AI53 -> 192388 | AQ53: =AP53-AK53 -> 24594 | AR53: =AO53-AJ53 -> 0 | AS53: =VLOOKUP($AF53,'251016'!$A$1:$M$200,4,FALSE) -> 672404 | AT53: =VLOOKUP($AF53,'251016'!$A$1:$M$200,5,FALSE) -> 300 | AU53: =AS53-AN53 -> 162673 | AV53: =AU53-AP53 -> -29715 | AW53: =AT53-AO53 -> 0 | AX53: =VLOOKUP($AF53,'251017'!$A$1:$M$200,4,FALSE) -> 894660 | AY53: =VLOOKUP($AF53,'251017'!$A$1:$M$200,5,FALSE) -> 300 | AZ53: =AX53-AS53 -> 222256 | BA53: =AZ53-AU53 -> 59583 | BB53: =AY53-AT53 -> 0 | BC53: =VLOOKUP($AF53,'251018'!$A$1:$M$200,4,FALSE) -> 1034197 | BD53: =VLOOKUP($AF53,'251018'!$A$1:$M$200,5,FALSE) -> 350 | BE53: =BC53-AX53 -> 139537 | BF53: =BE53-AZ53 -> -82719 | BG53: =BD53-AY53 -> 50 | BH53: =VLOOKUP($AF53,'251018'!$A$1:$M$200,4,FALSE) -> 1034197
B54: 실버마초 | C54: =VLOOKUP($B54,'251008_0시'!$A$1:$M$200,4,FALSE) -> 312321 | D54: =VLOOKUP($B54,'251008_0시'!$A$1:$M$200,5,FALSE) -> 2700 | E54: =VLOOKUP($B54,'251009_0시'!$A$1:$M$200,4,FALSE) -> 482963 | F54: =VLOOKUP($B54,'251009_0시'!$A$1:$M$200,5,FALSE) -> 3050 | G54: =E54-C54 -> 170642 | H54: =G54-(C54/2) -> 14481.5 | I54: =F54-D54 -> 350 | J54: =VLOOKUP($B54,'251010_0시'!$A$1:$M$200,4,FALSE) -> 629537 | K54: =VLOOKUP($B54,'251010_0시'!$A$1:$M$200,5,FALSE) -> 3454 | L54: =J54-E54 -> 146574 | M54: =L54-G54 -> -24068 | N54: =K54-F54 -> 404 | O54: =VLOOKUP($B54,'251011_0시'!$A$1:$M$200,4,FALSE) -> 820307 | P54: =VLOOKUP($B54,'251011_0시'!$A$1:$M$200,5,FALSE) -> 3454 | Q54: =O54-J54 -> 190770 | R54: =Q54-L54 -> 44196 | S54: =P54-K54 -> 0 | T54: =VLOOKUP($B54,'251012_0시'!$A$1:$M$200,4,FALSE) -> 985100 | U54: =VLOOKUP($B54,'251012_0시'!$A$1:$M$200,5,FALSE) -> 3454 | V54: =T54-O54 -> 164793 | W54: =V54-Q54 -> -25977 | X54: =U54-P54 -> 0 | Y54: =VLOOKUP($B54,'251013_0시'!$A$1:$M$200,4,FALSE) -> 1143029 | Z54: =VLOOKUP($B54,'251013_0시'!$A$1:$M$200,5,FALSE) -> 3454 | AA54: =Y54-T54 -> 157929 | AB54: =AA54-V54 -> -6864 | AC54: =Z54-U54 -> 0 | AD54: =VLOOKUP($B54,'251013_0시'!$A$1:$M$200,4,FALSE) -> 1143029 | AF54: 必설리 | AG54: =VLOOKUP($AF54,'251013'!$A$1:$M$200,4,FALSE) -> 168422 | AH54: =VLOOKUP($AF54,'251013'!$A$1:$M$200,5,FALSE) -> 4950 | AI54: =VLOOKUP($AF54,'251014'!$A$1:$M$200,4,FALSE) -> 321336 | AJ54: =VLOOKUP($AF54,'251014'!$A$1:$M$200,5,FALSE) -> 6750 | AK54: =AI54-AG54 -> 152914 | AL54: =AK54-AG54 -> -15508 | AM54: =AJ54-AH54 -> 1800 | AN54: =VLOOKUP($AF54,'251015'!$A$1:$M$200,4,FALSE) -> 452490 | AO54: =VLOOKUP($AF54,'251015'!$A$1:$M$200,5,FALSE) -> 9000 | AP54: =AN54-AI54 -> 131154 | AQ54: =AP54-AK54 -> -21760 | AR54: =AO54-AJ54 -> 2250 | AS54: =VLOOKUP($AF54,'251016'!$A$1:$M$200,4,FALSE) -> 648105 | AT54: =VLOOKUP($AF54,'251016'!$A$1:$M$200,5,FALSE) -> 16301 | AU54: =AS54-AN54 -> 195615 | AV54: =AU54-AP54 -> 64461 | AW54: =AT54-AO54 -> 7301 | AX54: =VLOOKUP($AF54,'251017'!$A$1:$M$200,4,FALSE) -> 809200 | AY54: =VLOOKUP($AF54,'251017'!$A$1:$M$200,5,FALSE) -> 18601 | AZ54: =AX54-AS54 -> 161095 | BA54: =AZ54-AU54 -> -34520 | BB54: =AY54-AT54 -> 2300 | BC54: =VLOOKUP($AF54,'251018'!$A$1:$M$200,4,FALSE) -> 1033227 | BD54: =VLOOKUP($AF54,'251018'!$A$1:$M$200,5,FALSE) -> 20851 | BE54: =BC54-AX54 -> 224027 | BF54: =BE54-AZ54 -> 62932 | BG54: =BD54-AY54 -> 2250 | BH54: =VLOOKUP($AF54,'251018'!$A$1:$M$200,4,FALSE) -> 1033227
B55: 株고공행진 | C55: =VLOOKUP($B55,'251008_0시'!$A$1:$M$200,4,FALSE) -> 293711 | D55: =VLOOKUP($B55,'251008_0시'!$A$1:$M$200,5,FALSE) -> 700 | E55: =VLOOKUP($B55,'251009_0시'!$A$1:$M$200,4,FALSE) -> 507998 | F55: =VLOOKUP($B55,'251009_0시'!$A$1:$M$200,5,FALSE) -> 1100 | G55: =E55-C55 -> 214287 | H55: =G55-(C55/2) -> 67431.5 | I55: =F55-D55 -> 400 | J55: =VLOOKUP($B55,'251010_0시'!$A$1:$M$200,4,FALSE) -> 645967 | K55: =VLOOKUP($B55,'251010_0시'!$A$1:$M$200,5,FALSE) -> 1696 | L55: =J55-E55 -> 137969 | M55: =L55-G55 -> -76318 | N55: =K55-F55 -> 596 | O55: =VLOOKUP($B55,'251011_0시'!$A$1:$M$200,4,FALSE) -> 811621 | P55: =VLOOKUP($B55,'251011_0시'!$A$1:$M$200,5,FALSE) -> 1696 | Q55: =O55-J55 -> 165654 | R55: =Q55-L55 -> 27685 | S55: =P55-K55 -> 0 | T55: =VLOOKUP($B55,'251012_0시'!$A$1:$M$200,4,FALSE) -> 978399 | U55: =VLOOKUP($B55,'251012_0시'!$A$1:$M$200,5,FALSE) -> 1696 | V55: =T55-O55 -> 166778 | W55: =V55-Q55 -> 1124 | X55: =U55-P55 -> 0 | Y55: =VLOOKUP($B55,'251013_0시'!$A$1:$M$200,4,FALSE) -> 1138353 | Z55: =VLOOKUP($B55,'251013_0시'!$A$1:$M$200,5,FALSE) -> 1696 | AA55: =Y55-T55 -> 159954 | AB55: =AA55-V55 -> -6824 | AC55: =Z55-U55 -> 0 | AD55: =VLOOKUP($B55,'251013_0시'!$A$1:$M$200,4,FALSE) -> 1138353 | AF55: 불눈이티비 | AG55: =VLOOKUP($AF55,'251013'!$A$1:$M$200,4,FALSE) -> 157109 | AH55: =VLOOKUP($AF55,'251013'!$A$1:$M$200,5,FALSE) -> 303 | AI55: =VLOOKUP($AF55,'251014'!$A$1:$M$200,4,FALSE) -> 259324 | AJ55: =VLOOKUP($AF55,'251014'!$A$1:$M$200,5,FALSE) -> 303 | AK55: =AI55-AG55 -> 102215 | AL55: =AK55-AG55 -> -54894 | AM55: =AJ55-AH55 -> 0 | AN55: =VLOOKUP($AF55,'251015'!$A$1:$M$200,4,FALSE) -> 468557 | AO55: =VLOOKUP($AF55,'251015'!$A$1:$M$200,5,FALSE) -> 303 | AP55: =AN55-AI55 -> 209233 | AQ55: =AP55-AK55 -> 107018 | AR55: =AO55-AJ55 -> 0 | AS55: =VLOOKUP($AF55,'251016'!$A$1:$M$200,4,FALSE) -> 581620 | AT55: =VLOOKUP($AF55,'251016'!$A$1:$M$200,5,FALSE) -> 303 | AU55: =AS55-AN55 -> 113063 | AV55: =AU55-AP55 -> -96170 | AW55: =AT55-AO55 -> 0 | AX55: =VLOOKUP($AF55,'251017'!$A$1:$M$200,4,FALSE) -> 807909 | AY55: =VLOOKUP($AF55,'251017'!$A$1:$M$200,5,FALSE) -> 303 | AZ55: =AX55-AS55 -> 226289 | BA55: =AZ55-AU55 -> 113226 | BB55: =AY55-AT55 -> 0 | BC55: =VLOOKUP($AF55,'251018'!$A$1:$M$200,4,FALSE) -> 1031212 | BD55: =VLOOKUP($AF55,'251018'!$A$1:$M$200,5,FALSE) -> 303 | BE55: =BC55-AX55 -> 223303 | BF55: =BE55-AZ55 -> -2986 | BG55: =BD55-AY55 -> 0 | BH55: =VLOOKUP($AF55,'251018'!$A$1:$M$200,4,FALSE) -> 1031212
B56: 너에게날 | C56: =VLOOKUP($B56,'251008_0시'!$A$1:$M$200,4,FALSE) -> 359033 | D56: =VLOOKUP($B56,'251008_0시'!$A$1:$M$200,5,FALSE) -> 1250 | E56: =VLOOKUP($B56,'251009_0시'!$A$1:$M$200,4,FALSE) -> 412514 | F56: =VLOOKUP($B56,'251009_0시'!$A$1:$M$200,5,FALSE) -> 2701 | G56: =E56-C56 -> 53481 | H56: =G56-(C56/2) -> -126035.5 | I56: =F56-D56 -> 1451 | J56: =VLOOKUP($B56,'251010_0시'!$A$1:$M$200,4,FALSE) -> 656231 | K56: =VLOOKUP($B56,'251010_0시'!$A$1:$M$200,5,FALSE) -> 4501 | L56: =J56-E56 -> 243717 | M56: =L56-G56 -> 190236 | N56: =K56-F56 -> 1800 | O56: =VLOOKUP($B56,'251011_0시'!$A$1:$M$200,4,FALSE) -> 794181 | P56: =VLOOKUP($B56,'251011_0시'!$A$1:$M$200,5,FALSE) -> 4602 | Q56: =O56-J56 -> 137950 | R56: =Q56-L56 -> -105767 | S56: =P56-K56 -> 101 | T56: =VLOOKUP($B56,'251012_0시'!$A$1:$M$200,4,FALSE) -> 950579 | U56: =VLOOKUP($B56,'251012_0시'!$A$1:$M$200,5,FALSE) -> 5952 | V56: =T56-O56 -> 156398 | W56: =V56-Q56 -> 18448 | X56: =U56-P56 -> 1350 | Y56: =VLOOKUP($B56,'251013_0시'!$A$1:$M$200,4,FALSE) -> 1131713 | Z56: =VLOOKUP($B56,'251013_0시'!$A$1:$M$200,5,FALSE) -> 6402 | AA56: =Y56-T56 -> 181134 | AB56: =AA56-V56 -> 24736 | AC56: =Z56-U56 -> 450 | AD56: =VLOOKUP($B56,'251013_0시'!$A$1:$M$200,4,FALSE) -> 1131713 | AF56: 必시기 | AG56: =VLOOKUP($AF56,'251013'!$A$1:$M$200,4,FALSE) -> 100316 | AH56: =VLOOKUP($AF56,'251013'!$A$1:$M$200,5,FALSE) -> 350 | AI56: =VLOOKUP($AF56,'251014'!$A$1:$M$200,4,FALSE) -> 300339 | AJ56: =VLOOKUP($AF56,'251014'!$A$1:$M$200,5,FALSE) -> 350 | AK56: =AI56-AG56 -> 200023 | AL56: =AK56-AG56 -> 99707 | AM56: =AJ56-AH56 -> 0 | AN56: =VLOOKUP($AF56,'251015'!$A$1:$M$200,4,FALSE) -> 506036 | AO56: =VLOOKUP($AF56,'251015'!$A$1:$M$200,5,FALSE) -> 350 | AP56: =AN56-AI56 -> 205697 | AQ56: =AP56-AK56 -> 5674 | AR56: =AO56-AJ56 -> 0 | AS56: =VLOOKUP($AF56,'251016'!$A$1:$M$200,4,FALSE) -> 671175 | AT56: =VLOOKUP($AF56,'251016'!$A$1:$M$200,5,FALSE) -> 350 | AU56: =AS56-AN56 -> 165139 | AV56: =AU56-AP56 -> -40558 | AW56: =AT56-AO56 -> 0 | AX56: =VLOOKUP($AF56,'251017'!$A$1:$M$200,4,FALSE) -> 850977 | AY56: =VLOOKUP($AF56,'251017'!$A$1:$M$200,5,FALSE) -> 350 | AZ56: =AX56-AS56 -> 179802 | BA56: =AZ56-AU56 -> 14663 | BB56: =AY56-AT56 -> 0 | BC56: =VLOOKUP($AF56,'251018'!$A$1:$M$200,4,FALSE) -> 1028779 | BD56: =VLOOKUP($AF56,'251018'!$A$1:$M$200,5,FALSE) -> 350 | BE56: =BC56-AX56 -> 177802 | BF56: =BE56-AZ56 -> -2000 | BG56: =BD56-AY56 -> 0 | BH56: =VLOOKUP($AF56,'251018'!$A$1:$M$200,4,FALSE) -> 1028779
B57: 헁기싫어 | C57: =VLOOKUP($B57,'251008_0시'!$A$1:$M$200,4,FALSE) -> 325869 | D57: =VLOOKUP($B57,'251008_0시'!$A$1:$M$200,5,FALSE) -> 700 | E57: =VLOOKUP($B57,'251009_0시'!$A$1:$M$200,4,FALSE) -> 516333 | F57: =VLOOKUP($B57,'251009_0시'!$A$1:$M$200,5,FALSE) -> 750 | G57: =E57-C57 -> 190464 | H57: =G57-(C57/2) -> 27529.5 | I57: =F57-D57 -> 50 | J57: =VLOOKUP($B57,'251010_0시'!$A$1:$M$200,4,FALSE) -> 672721 | K57: =VLOOKUP($B57,'251010_0시'!$A$1:$M$200,5,FALSE) -> 1053 | L57: =J57-E57 -> 156388 | M57: =L57-G57 -> -34076 | N57: =K57-F57 -> 303 | O57: =VLOOKUP($B57,'251011_0시'!$A$1:$M$200,4,FALSE) -> 841481 | P57: =VLOOKUP($B57,'251011_0시'!$A$1:$M$200,5,FALSE) -> 1253 | Q57: =O57-J57 -> 168760 | R57: =Q57-L57 -> 12372 | S57: =P57-K57 -> 200 | T57: =VLOOKUP($B57,'251012_0시'!$A$1:$M$200,4,FALSE) -> 958629 | U57: =VLOOKUP($B57,'251012_0시'!$A$1:$M$200,5,FALSE) -> 1489 | V57: =T57-O57 -> 117148 | W57: =V57-Q57 -> -51612 | X57: =U57-P57 -> 236 | Y57: =VLOOKUP($B57,'251013_0시'!$A$1:$M$200,4,FALSE) -> 1127331 | Z57: =VLOOKUP($B57,'251013_0시'!$A$1:$M$200,5,FALSE) -> 1589 | AA57: =Y57-T57 -> 168702 | AB57: =AA57-V57 -> 51554 | AC57: =Z57-U57 -> 100 | AD57: =VLOOKUP($B57,'251013_0시'!$A$1:$M$200,4,FALSE) -> 1127331 | AF57: 실버마초 | AG57: =VLOOKUP($AF57,'251013'!$A$1:$M$200,4,FALSE) -> 173572 | AH57: =VLOOKUP($AF57,'251013'!$A$1:$M$200,5,FALSE) -> 0 | AI57: =VLOOKUP($AF57,'251014'!$A$1:$M$200,4,FALSE) -> 336667 | AJ57: =VLOOKUP($AF57,'251014'!$A$1:$M$200,5,FALSE) -> 0 | AK57: =AI57-AG57 -> 163095 | AL57: =AK57-AG57 -> -10477 | AM57: =AJ57-AH57 -> 0 | AN57: =VLOOKUP($AF57,'251015'!$A$1:$M$200,4,FALSE) -> 502884 | AO57: =VLOOKUP($AF57,'251015'!$A$1:$M$200,5,FALSE) -> 0 | AP57: =AN57-AI57 -> 166217 | AQ57: =AP57-AK57 -> 3122 | AR57: =AO57-AJ57 -> 0 | AS57: =VLOOKUP($AF57,'251016'!$A$1:$M$200,4,FALSE) -> 675318 | AT57: =VLOOKUP($AF57,'251016'!$A$1:$M$200,5,FALSE) -> 0 | AU57: =AS57-AN57 -> 172434 | AV57: =AU57-AP57 -> 6217 | AW57: =AT57-AO57 -> 0 | AX57: =VLOOKUP($AF57,'251017'!$A$1:$M$200,4,FALSE) -> 842658 | AY57: =VLOOKUP($AF57,'251017'!$A$1:$M$200,5,FALSE) -> 0 | AZ57: =AX57-AS57 -> 167340 | BA57: =AZ57-AU57 -> -5094 | BB57: =AY57-AT57 -> 0 | BC57: =VLOOKUP($AF57,'251018'!$A$1:$M$200,4,FALSE) -> 1022556 | BD57: =VLOOKUP($AF57,'251018'!$A$1:$M$200,5,FALSE) -> 0 | BE57: =BC57-AX57 -> 179898 | BF57: =BE57-AZ57 -> 12558 | BG57: =BD57-AY57 -> 0 | BH57: =VLOOKUP($AF57,'251018'!$A$1:$M$200,4,FALSE) -> 1022556
B58: 凵스낵면 | C58: =VLOOKUP($B58,'251008_0시'!$A$1:$M$200,4,FALSE) -> 285879 | D58: =VLOOKUP($B58,'251008_0시'!$A$1:$M$200,5,FALSE) -> 446 | E58: =VLOOKUP($B58,'251009_0시'!$A$1:$M$200,4,FALSE) -> 443040 | F58: =VLOOKUP($B58,'251009_0시'!$A$1:$M$200,5,FALSE) -> 796 | G58: =E58-C58 -> 157161 | H58: =G58-(C58/2) -> 14221.5 | I58: =F58-D58 -> 350 | J58: =VLOOKUP($B58,'251010_0시'!$A$1:$M$200,4,FALSE) -> 603948 | K58: =VLOOKUP($B58,'251010_0시'!$A$1:$M$200,5,FALSE) -> 998 | L58: =J58-E58 -> 160908 | M58: =L58-G58 -> 3747 | N58: =K58-F58 -> 202 | O58: =VLOOKUP($B58,'251011_0시'!$A$1:$M$200,4,FALSE) -> 756567 | P58: =VLOOKUP($B58,'251011_0시'!$A$1:$M$200,5,FALSE) -> 998 | Q58: =O58-J58 -> 152619 | R58: =Q58-L58 -> -8289 | S58: =P58-K58 -> 0 | T58: =VLOOKUP($B58,'251012_0시'!$A$1:$M$200,4,FALSE) -> 893178 | U58: =VLOOKUP($B58,'251012_0시'!$A$1:$M$200,5,FALSE) -> 998 | V58: =T58-O58 -> 136611 | W58: =V58-Q58 -> -16008 | X58: =U58-P58 -> 0 | Y58: =VLOOKUP($B58,'251013_0시'!$A$1:$M$200,4,FALSE) -> 1104757 | Z58: =VLOOKUP($B58,'251013_0시'!$A$1:$M$200,5,FALSE) -> 998 | AA58: =Y58-T58 -> 211579 | AB58: =AA58-V58 -> 74968 | AC58: =Z58-U58 -> 0 | AD58: =VLOOKUP($B58,'251013_0시'!$A$1:$M$200,4,FALSE) -> 1104757 | AF58: Ak동 | AG58: =VLOOKUP($AF58,'251013'!$A$1:$M$200,4,FALSE) -> 137533 | AH58: =VLOOKUP($AF58,'251013'!$A$1:$M$200,5,FALSE) -> 0 | AI58: =VLOOKUP($AF58,'251014'!$A$1:$M$200,4,FALSE) -> 310833 | AJ58: =VLOOKUP($AF58,'251014'!$A$1:$M$200,5,FALSE) -> 0 | AK58: =AI58-AG58 -> 173300 | AL58: =AK58-AG58 -> 35767 | AM58: =AJ58-AH58 -> 0 | AN58: =VLOOKUP($AF58,'251015'!$A$1:$M$200,4,FALSE) -> 487737 | AO58: =VLOOKUP($AF58,'251015'!$A$1:$M$200,5,FALSE) -> 0 | AP58: =AN58-AI58 -> 176904 | AQ58: =AP58-AK58 -> 3604 | AR58: =AO58-AJ58 -> 0 | AS58: =VLOOKUP($AF58,'251016'!$A$1:$M$200,4,FALSE) -> 585602 | AT58: =VLOOKUP($AF58,'251016'!$A$1:$M$200,5,FALSE) -> 0 | AU58: =AS58-AN58 -> 97865 | AV58: =AU58-AP58 -> -79039 | AW58: =AT58-AO58 -> 0 | AX58: =VLOOKUP($AF58,'251017'!$A$1:$M$200,4,FALSE) -> 803856 | AY58: =VLOOKUP($AF58,'251017'!$A$1:$M$200,5,FALSE) -> 0 | AZ58: =AX58-AS58 -> 218254 | BA58: =AZ58-AU58 -> 120389 | BB58: =AY58-AT58 -> 0 | BC58: =VLOOKUP($AF58,'251018'!$A$1:$M$200,4,FALSE) -> 1017652 | BD58: =VLOOKUP($AF58,'251018'!$A$1:$M$200,5,FALSE) -> 0 | BE58: =BC58-AX58 -> 213796 | BF58: =BE58-AZ58 -> -4458 | BG58: =BD58-AY58 -> 0 | BH58: =VLOOKUP($AF58,'251018'!$A$1:$M$200,4,FALSE) -> 1017652
... B65: 凵무파마 | C65: =VLOOKUP($B65,'251008_0시'!$A$1:$M$200,4,FALSE) -> 301039 | D65: =VLOOKUP($B65,'251008_0시'!$A$1:$M$200,5,FALSE) -> 50 | E65: =VLOOKUP($B65,'251009_0시'!$A$1:$M$200,4,FALSE) -> 409750 | F65: =VLOOKUP($B65,'251009_0시'!$A$1:$M$200,5,FALSE) -> 50 | G65: =E65-C65 -> 108711 | H65: =G65-(C65/2) -> -41808.5 | I65: =F65-D65 -> 0 | J65: =VLOOKUP($B65,'251010_0시'!$A$1:$M$200,4,FALSE) -> 523681 | K65: =VLOOKUP($B65,'251010_0시'!$A$1:$M$200,5,FALSE) -> 998 | L65: =J65-E65 -> 113931 | M65: =L65-G65 -> 5220 | N65: =K65-F65 -> 948 | O65: =VLOOKUP($B65,'251011_0시'!$A$1:$M$200,4,FALSE) -> 695897 | P65: =VLOOKUP($B65,'251011_0시'!$A$1:$M$200,5,FALSE) -> 1938 | Q65: =O65-J65 -> 172216 | R65: =Q65-L65 -> 58285 | S65: =P65-K65 -> 940 | T65: =VLOOKUP($B65,'251012_0시'!$A$1:$M$200,4,FALSE) -> 875112 | U65: =VLOOKUP($B65,'251012_0시'!$A$1:$M$200,5,FALSE) -> 1938 | V65: =T65-O65 -> 179215 | W65: =V65-Q65 -> 6999 | X65: =U65-P65 -> 0 | Y65: =VLOOKUP($B65,'251013_0시'!$A$1:$M$200,4,FALSE) -> 1031589 | Z65: =VLOOKUP($B65,'251013_0시'!$A$1:$M$200,5,FALSE) -> 2338 | AA65: =Y65-T65 -> 156477 | AB65: =AA65-V65 -> -22738 | AC65: =Z65-U65 -> 400 | AD65: =VLOOKUP($B65,'251013_0시'!$A$1:$M$200,4,FALSE) -> 1031589 | AF65: 흰밥 | AG65: =VLOOKUP($AF65,'251013'!$A$1:$M$200,4,FALSE) -> 136904 | AH65: =VLOOKUP($AF65,'251013'!$A$1:$M$200,5,FALSE) -> 0 | AI65: =VLOOKUP($AF65,'251014'!$A$1:$M$200,4,FALSE) -> 304512 | AJ65: =VLOOKUP($AF65,'251014'!$A$1:$M$200,5,FALSE) -> 1350 | AK65: =AI65-AG65 -> 167608 | AL65: =AK65-AG65 -> 30704 | AM65: =AJ65-AH65 -> 1350 | AN65: =VLOOKUP($AF65,'251015'!$A$1:$M$200,4,FALSE) -> 425697 | AO65: =VLOOKUP($AF65,'251015'!$A$1:$M$200,5,FALSE) -> 1350 | AP65: =AN65-AI65 -> 121185 | AQ65: =AP65-AK65 -> -46423 | AR65: =AO65-AJ65 -> 0 | AS65: =VLOOKUP($AF65,'251016'!$A$1:$M$200,4,FALSE) -> 566831 | AT65: =VLOOKUP($AF65,'251016'!$A$1:$M$200,5,FALSE) -> 1350 | AU65: =AS65-AN65 -> 141134 | AV65: =AU65-AP65 -> 19949 | AW65: =AT65-AO65 -> 0 | AX65: =VLOOKUP($AF65,'251017'!$A$1:$M$200,4,FALSE) -> 777634 | AY65: =VLOOKUP($AF65,'251017'!$A$1:$M$200,5,FALSE) -> 1634 | AZ65: =AX65-AS65 -> 210803 | BA65: =AZ65-AU65 -> 69669 | BB65: =AY65-AT65 -> 284 | BC65: =VLOOKUP($AF65,'251018'!$A$1:$M$200,4,FALSE) -> 963099 | BD65: =VLOOKUP($AF65,'251018'!$A$1:$M$200,5,FALSE) -> 1634 | BE65: =BC65-AX65 -> 185465 | BF65: =BE65-AZ65 -> -25338 | BG65: =BD65-AY65 -> 0 | BH65: =VLOOKUP($AF65,'251018'!$A$1:$M$200,4,FALSE) -> 963099
A66: 컬러단 | B66: 해피한날 | C66: =VLOOKUP($B66,'251008_0시'!$A$1:$M$200,4,FALSE) -> 314470 | D66: =VLOOKUP($B66,'251008_0시'!$A$1:$M$200,5,FALSE) -> 10990 | E66: =VLOOKUP($B66,'251009_0시'!$A$1:$M$200,4,FALSE) -> 458128 | F66: =VLOOKUP($B66,'251009_0시'!$A$1:$M$200,5,FALSE) -> 17290 | G66: =E66-C66 -> 143658 | H66: =G66-(C66/2) -> -13577 | I66: =F66-D66 -> 6300 | J66: =VLOOKUP($B66,'251010_0시'!$A$1:$M$200,4,FALSE) -> 586360 | K66: =VLOOKUP($B66,'251010_0시'!$A$1:$M$200,5,FALSE) -> 22240 | L66: =J66-E66 -> 128232 | M66: =L66-G66 -> -15426 | N66: =K66-F66 -> 4950 | O66: =VLOOKUP($B66,'251011_0시'!$A$1:$M$200,4,FALSE) -> 717087 | P66: =VLOOKUP($B66,'251011_0시'!$A$1:$M$200,5,FALSE) -> 24940 | Q66: =O66-J66 -> 130727 | R66: =Q66-L66 -> 2495 | S66: =P66-K66 -> 2700 | T66: =VLOOKUP($B66,'251012_0시'!$A$1:$M$200,4,FALSE) -> 894334 | U66: =VLOOKUP($B66,'251012_0시'!$A$1:$M$200,5,FALSE) -> 30441 | V66: =T66-O66 -> 177247 | W66: =V66-Q66 -> 46520 | X66: =U66-P66 -> 5501 | Y66: =VLOOKUP($B66,'251013_0시'!$A$1:$M$200,4,FALSE) -> 1029728 | Z66: =VLOOKUP($B66,'251013_0시'!$A$1:$M$200,5,FALSE) -> 35841 | AA66: =Y66-T66 -> 135394 | AB66: =AA66-V66 -> -41853 | AC66: =Z66-U66 -> 5400 | AD66: =VLOOKUP($B66,'251013_0시'!$A$1:$M$200,4,FALSE) -> 1029728 | AF66: 株고공행진 | AG66: =VLOOKUP($AF66,'251013'!$A$1:$M$200,4,FALSE) -> 154623 | AH66: =VLOOKUP($AF66,'251013'!$A$1:$M$200,5,FALSE) -> 303 | AI66: =VLOOKUP($AF66,'251014'!$A$1:$M$200,4,FALSE) -> 340954 | AJ66: =VLOOKUP($AF66,'251014'!$A$1:$M$200,5,FALSE) -> 1203 | AK66: =AI66-AG66 -> 186331 | AL66: =AK66-AG66 -> 31708 | AM66: =AJ66-AH66 -> 900 | AN66: =VLOOKUP($AF66,'251015'!$A$1:$M$200,4,FALSE) -> 509862 | AO66: =VLOOKUP($AF66,'251015'!$A$1:$M$200,5,FALSE) -> 1203 | AP66: =AN66-AI66 -> 168908 | AQ66: =AP66-AK66 -> -17423 | AR66: =AO66-AJ66 -> 0 | AS66: =VLOOKUP($AF66,'251016'!$A$1:$M$200,4,FALSE) -> 628662 | AT66: =VLOOKUP($AF66,'251016'!$A$1:$M$200,5,FALSE) -> 1203 | AU66: =AS66-AN66 -> 118800 | AV66: =AU66-AP66 -> -50108 | AW66: =AT66-AO66 -> 0 | AX66: =VLOOKUP($AF66,'251017'!$A$1:$M$200,4,FALSE) -> 730272 | AY66: =VLOOKUP($AF66,'251017'!$A$1:$M$200,5,FALSE) -> 1203 | AZ66: =AX66-AS66 -> 101610 | BA66: =AZ66-AU66 -> -17190 | BB66: =AY66-AT66 -> 0 | BC66: =VLOOKUP($AF66,'251018'!$A$1:$M$200,4,FALSE) -> 955833 | BD66: =VLOOKUP($AF66,'251018'!$A$1:$M$200,5,FALSE) -> 1653 | BE66: =BC66-AX66 -> 225561 | BF66: =BE66-AZ66 -> 123951 | BG66: =BD66-AY66 -> 450 | BH66: =VLOOKUP($AF66,'251018'!$A$1:$M$200,4,FALSE) -> 955833
B67: 必청설 | C67: =VLOOKUP($B67,'251008_0시'!$A$1:$M$200,4,FALSE) -> 277236 | D67: =VLOOKUP($B67,'251008_0시'!$A$1:$M$200,5,FALSE) -> 3600 | E67: =VLOOKUP($B67,'251009_0시'!$A$1:$M$200,4,FALSE) -> 432255 | F67: =VLOOKUP($B67,'251009_0시'!$A$1:$M$200,5,FALSE) -> 3950 | G67: =E67-C67 -> 155019 | H67: =G67-(C67/2) -> 16401 | I67: =F67-D67 -> 350 | J67: =VLOOKUP($B67,'251010_0시'!$A$1:$M$200,4,FALSE) -> 581260 | K67: =VLOOKUP($B67,'251010_0시'!$A$1:$M$200,5,FALSE) -> 6650 | L67: =J67-E67 -> 149005 | M67: =L67-G67 -> -6014 | N67: =K67-F67 -> 2700 | O67: =VLOOKUP($B67,'251011_0시'!$A$1:$M$200,4,FALSE) -> 749693 | P67: =VLOOKUP($B67,'251011_0시'!$A$1:$M$200,5,FALSE) -> 6650 | Q67: =O67-J67 -> 168433 | R67: =Q67-L67 -> 19428 | S67: =P67-K67 -> 0 | T67: =VLOOKUP($B67,'251012_0시'!$A$1:$M$200,4,FALSE) -> 859103 | U67: =VLOOKUP($B67,'251012_0시'!$A$1:$M$200,5,FALSE) -> 6650 | V67: =T67-O67 -> 109410 | W67: =V67-Q67 -> -59023 | X67: =U67-P67 -> 0 | Y67: =VLOOKUP($B67,'251013_0시'!$A$1:$M$200,4,FALSE) -> 1029687 | Z67: =VLOOKUP($B67,'251013_0시'!$A$1:$M$200,5,FALSE) -> 14650 | AA67: =Y67-T67 -> 170584 | AB67: =AA67-V67 -> 61174 | AC67: =Z67-U67 -> 8000 | AD67: =VLOOKUP($B67,'251013_0시'!$A$1:$M$200,4,FALSE) -> 1029687 | AF67: l주l글로리 | AG67: =VLOOKUP($AF67,'251013'!$A$1:$M$200,4,FALSE) -> 91467 | AH67: =VLOOKUP($AF67,'251013'!$A$1:$M$200,5,FALSE) -> 0 | AI67: =VLOOKUP($AF67,'251014'!$A$1:$M$200,4,FALSE) -> 215789 | AJ67: =VLOOKUP($AF67,'251014'!$A$1:$M$200,5,FALSE) -> 0 | AK67: =AI67-AG67 -> 124322 | AL67: =AK67-AG67 -> 32855 | AM67: =AJ67-AH67 -> 0 | AN67: =VLOOKUP($AF67,'251015'!$A$1:$M$200,4,FALSE) -> 365136 | AO67: =VLOOKUP($AF67,'251015'!$A$1:$M$200,5,FALSE) -> 0 | AP67: =AN67-AI67 -> 149347 | AQ67: =AP67-AK67 -> 25025 | AR67: =AO67-AJ67 -> 0 | AS67: =VLOOKUP($AF67,'251016'!$A$1:$M$200,4,FALSE) -> 523747 | AT67: =VLOOKUP($AF67,'251016'!$A$1:$M$200,5,FALSE) -> 0 | AU67: =AS67-AN67 -> 158611 | AV67: =AU67-AP67 -> 9264 | AW67: =AT67-AO67 -> 0 | AX67: =VLOOKUP($AF67,'251017'!$A$1:$M$200,4,FALSE) -> 753241 | AY67: =VLOOKUP($AF67,'251017'!$A$1:$M$200,5,FALSE) -> 0 | AZ67: =AX67-AS67 -> 229494 | BA67: =AZ67-AU67 -> 70883 | BB67: =AY67-AT67 -> 0 | BC67: =VLOOKUP($AF67,'251018'!$A$1:$M$200,4,FALSE) -> 946933 | BD67: =VLOOKUP($AF67,'251018'!$A$1:$M$200,5,FALSE) -> 0 | BE67: =BC67-AX67 -> 193692 | BF67: =BE67-AZ67 -> -35802 | BG67: =BD67-AY67 -> 0 | BH67: =VLOOKUP($AF67,'251018'!$A$1:$M$200,4,FALSE) -> 946933
B68: 羊개미는뚠뚠 | C68: =VLOOKUP($B68,'251008_0시'!$A$1:$M$200,4,FALSE) -> 270003 | D68: =VLOOKUP($B68,'251008_0시'!$A$1:$M$200,5,FALSE) -> 470 | E68: =VLOOKUP($B68,'251009_0시'!$A$1:$M$200,4,FALSE) -> 440683 | F68: =VLOOKUP($B68,'251009_0시'!$A$1:$M$200,5,FALSE) -> 640 | G68: =E68-C68 -> 170680 | H68: =G68-(C68/2) -> 35678.5 | I68: =F68-D68 -> 170 | J68: =VLOOKUP($B68,'251010_0시'!$A$1:$M$200,4,FALSE) -> 623331 | K68: =VLOOKUP($B68,'251010_0시'!$A$1:$M$200,5,FALSE) -> 3085 | L68: =J68-E68 -> 182648 | M68: =L68-G68 -> 11968 | N68: =K68-F68 -> 2445 | O68: =VLOOKUP($B68,'251011_0시'!$A$1:$M$200,4,FALSE) -> 776117 | P68: =VLOOKUP($B68,'251011_0시'!$A$1:$M$200,5,FALSE) -> 3085 | Q68: =O68-J68 -> 152786 | R68: =Q68-L68 -> -29862 | S68: =P68-K68 -> 0 | T68: =VLOOKUP($B68,'251012_0시'!$A$1:$M$200,4,FALSE) -> 928479 | U68: =VLOOKUP($B68,'251012_0시'!$A$1:$M$200,5,FALSE) -> 3185 | V68: =T68-O68 -> 152362 | W68: =V68-Q68 -> -424 | X68: =U68-P68 -> 100 | Y68: =VLOOKUP($B68,'251013_0시'!$A$1:$M$200,4,FALSE) -> 1029196 | Z68: =VLOOKUP($B68,'251013_0시'!$A$1:$M$200,5,FALSE) -> 3235 | AA68: =Y68-T68 -> 100717 | AB68: =AA68-V68 -> -51645 | AC68: =Z68-U68 -> 50 | AD68: =VLOOKUP($B68,'251013_0시'!$A$1:$M$200,4,FALSE) -> 1029196 | AF68: 주님곁으로 | AG68: =VLOOKUP($AF68,'251013'!$A$1:$M$200,4,FALSE) -> 153177 | AH68: =VLOOKUP($AF68,'251013'!$A$1:$M$200,5,FALSE) -> 50 | AI68: =VLOOKUP($AF68,'251014'!$A$1:$M$200,4,FALSE) -> 247851 | AJ68: =VLOOKUP($AF68,'251014'!$A$1:$M$200,5,FALSE) -> 50 | AK68: =AI68-AG68 -> 94674 | AL68: =AK68-AG68 -> -58503 | AM68: =AJ68-AH68 -> 0 | AN68: =VLOOKUP($AF68,'251015'!$A$1:$M$200,4,FALSE) -> 462859 | AO68: =VLOOKUP($AF68,'251015'!$A$1:$M$200,5,FALSE) -> 50 | AP68: =AN68-AI68 -> 215008 | AQ68: =AP68-AK68 -> 120334 | AR68: =AO68-AJ68 -> 0 | AS68: =VLOOKUP($AF68,'251016'!$A$1:$M$200,4,FALSE) -> 580434 | AT68: =VLOOKUP($AF68,'251016'!$A$1:$M$200,5,FALSE) -> 50 | AU68: =AS68-AN68 -> 117575 | AV68: =AU68-AP68 -> -97433 | AW68: =AT68-AO68 -> 0 | AX68: =VLOOKUP($AF68,'251017'!$A$1:$M$200,4,FALSE) -> 771841 | AY68: =VLOOKUP($AF68,'251017'!$A$1:$M$200,5,FALSE) -> 50 | AZ68: =AX68-AS68 -> 191407 | BA68: =AZ68-AU68 -> 73832 | BB68: =AY68-AT68 -> 0 | BC68: =VLOOKUP($AF68,'251018'!$A$1:$M$200,4,FALSE) -> 937486 | BD68: =VLOOKUP($AF68,'251018'!$A$1:$M$200,5,FALSE) -> 100 | BE68: =BC68-AX68 -> 165645 | BF68: =BE68-AZ68 -> -25762 | BG68: =BD68-AY68 -> 50 | BH68: =VLOOKUP($AF68,'251018'!$A$1:$M$200,4,FALSE) -> 937486
A69: 컬러단 | B69: 必리나니 | C69: =VLOOKUP($B69,'251008_0시'!$A$1:$M$200,4,FALSE) -> 399527 | D69: =VLOOKUP($B69,'251008_0시'!$A$1:$M$200,5,FALSE) -> 497 | E69: =VLOOKUP($B69,'251009_0시'!$A$1:$M$200,4,FALSE) -> 624467 | F69: =VLOOKUP($B69,'251009_0시'!$A$1:$M$200,5,FALSE) -> 877 | G69: =E69-C69 -> 224940 | H69: =G69-(C69/2) -> 25176.5 | I69: =F69-D69 -> 380 | J69: =VLOOKUP($B69,'251010_0시'!$A$1:$M$200,4,FALSE) -> 821637 | K69: =VLOOKUP($B69,'251010_0시'!$A$1:$M$200,5,FALSE) -> 1372 | L69: =J69-E69 -> 197170 | M69: =L69-G69 -> -27770 | N69: =K69-F69 -> 495 | O69: =VLOOKUP($B69,'251011_0시'!$A$1:$M$200,4,FALSE) -> 871612 | P69: =VLOOKUP($B69,'251011_0시'!$A$1:$M$200,5,FALSE) -> 1372 | Q69: =O69-J69 -> 49975 | R69: =Q69-L69 -> -147195 | S69: =P69-K69 -> 0 | T69: =VLOOKUP($B69,'251012_0시'!$A$1:$M$200,4,FALSE) -> 934214 | U69: =VLOOKUP($B69,'251012_0시'!$A$1:$M$200,5,FALSE) -> 1422 | V69: =T69-O69 -> 62602 | W69: =V69-Q69 -> 12627 | X69: =U69-P69 -> 50 | Y69: =VLOOKUP($B69,'251013_0시'!$A$1:$M$200,4,FALSE) -> 1027797 | Z69: =VLOOKUP($B69,'251013_0시'!$A$1:$M$200,5,FALSE) -> 1422 | AA69: =Y69-T69 -> 93583 | AB69: =AA69-V69 -> 30981 | AC69: =Z69-U69 -> 0 | AD69: =VLOOKUP($B69,'251013_0시'!$A$1:$M$200,4,FALSE) -> 1027797 | AF69: 凵신라면 | AG69: =VLOOKUP($AF69,'251013'!$A$1:$M$200,4,FALSE) -> 155239 | AH69: =VLOOKUP($AF69,'251013'!$A$1:$M$200,5,FALSE) -> 1403 | AI69: =VLOOKUP($AF69,'251014'!$A$1:$M$200,4,FALSE) -> 281010 | AJ69: =VLOOKUP($AF69,'251014'!$A$1:$M$200,5,FALSE) -> 1523 | AK69: =AI69-AG69 -> 125771 | AL69: =AK69-AG69 -> -29468 | AM69: =AJ69-AH69 -> 120 | AN69: =VLOOKUP($AF69,'251015'!$A$1:$M$200,4,FALSE) -> 434741 | AO69: =VLOOKUP($AF69,'251015'!$A$1:$M$200,5,FALSE) -> 1523 | AP69: =AN69-AI69 -> 153731 | AQ69: =AP69-AK69 -> 27960 | AR69: =AO69-AJ69 -> 0 | AS69: =VLOOKUP($AF69,'251016'!$A$1:$M$200,4,FALSE) -> 584549 | AT69: =VLOOKUP($AF69,'251016'!$A$1:$M$200,5,FALSE) -> 1523 | AU69: =AS69-AN69 -> 149808 | AV69: =AU69-AP69 -> -3923 | AW69: =AT69-AO69 -> 0 | AX69: =VLOOKUP($AF69,'251017'!$A$1:$M$200,4,FALSE) -> 731701 | AY69: =VLOOKUP($AF69,'251017'!$A$1:$M$200,5,FALSE) -> 1523 | AZ69: =AX69-AS69 -> 147152 | BA69: =AZ69-AU69 -> -2656 | BB69: =AY69-AT69 -> 0 | BC69: =VLOOKUP($AF69,'251018'!$A$1:$M$200,4,FALSE) -> 936464 | BD69: =VLOOKUP($AF69,'251018'!$A$1:$M$200,5,FALSE) -> 1523 | BE69: =BC69-AX69 -> 204763 | BF69: =BE69-AZ69 -> 57611 | BG69: =BD69-AY69 -> 0 | BH69: =VLOOKUP($AF69,'251018'!$A$1:$M$200,4,FALSE) -> 936464
B70: 必무이 | C70: =VLOOKUP($B70,'251008_0시'!$A$1:$M$200,4,FALSE) -> 274674 | D70: =VLOOKUP($B70,'251008_0시'!$A$1:$M$200,5,FALSE) -> 0 | E70: =VLOOKUP($B70,'251009_0시'!$A$1:$M$200,4,FALSE) -> 434124 | F70: =VLOOKUP($B70,'251009_0시'!$A$1:$M$200,5,FALSE) -> 350 | G70: =E70-C70 -> 159450 | H70: =G70-(C70/2) -> 22113 | I70: =F70-D70 -> 350 | J70: =VLOOKUP($B70,'251010_0시'!$A$1:$M$200,4,FALSE) -> 603667 | K70: =VLOOKUP($B70,'251010_0시'!$A$1:$M$200,5,FALSE) -> 538 | L70: =J70-E70 -> 169543 | M70: =L70-G70 -> 10093 | N70: =K70-F70 -> 188 | O70: =VLOOKUP($B70,'251011_0시'!$A$1:$M$200,4,FALSE) -> 742658 | P70: =VLOOKUP($B70,'251011_0시'!$A$1:$M$200,5,FALSE) -> 588 | Q70: =O70-J70 -> 138991 | R70: =Q70-L70 -> -30552 | S70: =P70-K70 -> 50 | T70: =VLOOKUP($B70,'251012_0시'!$A$1:$M$200,4,FALSE) -> 900756 | U70: =VLOOKUP($B70,'251012_0시'!$A$1:$M$200,5,FALSE) -> 588 | V70: =T70-O70 -> 158098 | W70: =V70-Q70 -> 19107 | X70: =U70-P70 -> 0 | Y70: =VLOOKUP($B70,'251013_0시'!$A$1:$M$200,4,FALSE) -> 1017993 | Z70: =VLOOKUP($B70,'251013_0시'!$A$1:$M$200,5,FALSE) -> 588 | AA70: =Y70-T70 -> 117237 | AB70: =AA70-V70 -> -40861 | AC70: =Z70-U70 -> 0 | AD70: =VLOOKUP($B70,'251013_0시'!$A$1:$M$200,4,FALSE) -> 1017993 | AF70: 커요미날 | AG70: =VLOOKUP($AF70,'251013'!$A$1:$M$200,4,FALSE) -> 148979 | AH70: =VLOOKUP($AF70,'251013'!$A$1:$M$200,5,FALSE) -> 385 | AI70: =VLOOKUP($AF70,'251014'!$A$1:$M$200,4,FALSE) -> 301197 | AJ70: =VLOOKUP($AF70,'251014'!$A$1:$M$200,5,FALSE) -> 385 | AK70: =AI70-AG70 -> 152218 | AL70: =AK70-AG70 -> 3239 | AM70: =AJ70-AH70 -> 0 | AN70: =VLOOKUP($AF70,'251015'!$A$1:$M$200,4,FALSE) -> 449725 | AO70: =VLOOKUP($AF70,'251015'!$A$1:$M$200,5,FALSE) -> 385 | AP70: =AN70-AI70 -> 148528 | AQ70: =AP70-AK70 -> -3690 | AR70: =AO70-AJ70 -> 0 | AS70: =VLOOKUP($AF70,'251016'!$A$1:$M$200,4,FALSE) -> 616362 | AT70: =VLOOKUP($AF70,'251016'!$A$1:$M$200,5,FALSE) -> 385 | AU70: =AS70-AN70 -> 166637 | AV70: =AU70-AP70 -> 18109 | AW70: =AT70-AO70 -> 0 | AX70: =VLOOKUP($AF70,'251017'!$A$1:$M$200,4,FALSE) -> 766396 | AY70: =VLOOKUP($AF70,'251017'!$A$1:$M$200,5,FALSE) -> 385 | AZ70: =AX70-AS70 -> 150034 | BA70: =AZ70-AU70 -> -16603 | BB70: =AY70-AT70 -> 0 | BC70: =VLOOKUP($AF70,'251018'!$A$1:$M$200,4,FALSE) -> 925940 | BD70: =VLOOKUP($AF70,'251018'!$A$1:$M$200,5,FALSE) -> 385 | BE70: =BC70-AX70 -> 159544 | BF70: =BE70-AZ70 -> 9510 | BG70: =BD70-AY70 -> 0 | BH70: =VLOOKUP($AF70,'251018'!$A$1:$M$200,4,FALSE) -> 925940
B71: Ak동 | C71: =VLOOKUP($B71,'251008_0시'!$A$1:$M$200,4,FALSE) -> 273238 | D71: =VLOOKUP($B71,'251008_0시'!$A$1:$M$200,5,FALSE) -> 0 | E71: =VLOOKUP($B71,'251009_0시'!$A$1:$M$200,4,FALSE) -> 428573 | F71: =VLOOKUP($B71,'251009_0시'!$A$1:$M$200,5,FALSE) -> 0 | G71: =E71-C71 -> 155335 | H71: =G71-(C71/2) -> 18716 | I71: =F71-D71 -> 0 | J71: =VLOOKUP($B71,'251010_0시'!$A$1:$M$200,4,FALSE) -> 561866 | K71: =VLOOKUP($B71,'251010_0시'!$A$1:$M$200,5,FALSE) -> 0 | L71: =J71-E71 -> 133293 | M71: =L71-G71 -> -22042 | N71: =K71-F71 -> 0 | O71: =VLOOKUP($B71,'251011_0시'!$A$1:$M$200,4,FALSE) -> 705614 | P71: =VLOOKUP($B71,'251011_0시'!$A$1:$M$200,5,FALSE) -> 0 | Q71: =O71-J71 -> 143748 | R71: =Q71-L71 -> 10455 | S71: =P71-K71 -> 0 | T71: =VLOOKUP($B71,'251012_0시'!$A$1:$M$200,4,FALSE) -> 841488 | U71: =VLOOKUP($B71,'251012_0시'!$A$1:$M$200,5,FALSE) -> 0 | V71: =T71-O71 -> 135874 | W71: =V71-Q71 -> -7874 | X71: =U71-P71 -> 0 | Y71: =VLOOKUP($B71,'251013_0시'!$A$1:$M$200,4,FALSE) -> 1012365 | Z71: =VLOOKUP($B71,'251013_0시'!$A$1:$M$200,5,FALSE) -> 0 | AA71: =Y71-T71 -> 170877 | AB71: =AA71-V71 -> 35003 | AC71: =Z71-U71 -> 0 | AD71: =VLOOKUP($B71,'251013_0시'!$A$1:$M$200,4,FALSE) -> 1012365 | AF71: 株무무 | AG71: =VLOOKUP($AF71,'251013'!$A$1:$M$200,4,FALSE) -> 130535 | AH71: =VLOOKUP($AF71,'251013'!$A$1:$M$200,5,FALSE) -> 0 | AI71: =VLOOKUP($AF71,'251014'!$A$1:$M$200,4,FALSE) -> 234709 | AJ71: =VLOOKUP($AF71,'251014'!$A$1:$M$200,5,FALSE) -> 1250 | AK71: =AI71-AG71 -> 104174 | AL71: =AK71-AG71 -> -26361 | AM71: =AJ71-AH71 -> 1250 | AN71: =VLOOKUP($AF71,'251015'!$A$1:$M$200,4,FALSE) -> 412783 | AO71: =VLOOKUP($AF71,'251015'!$A$1:$M$200,5,FALSE) -> 1600 | AP71: =AN71-AI71 -> 178074 | AQ71: =AP71-AK71 -> 73900 | AR71: =AO71-AJ71 -> 350 | AS71: =VLOOKUP($AF71,'251016'!$A$1:$M$200,4,FALSE) -> 479796 | AT71: =VLOOKUP($AF71,'251016'!$A$1:$M$200,5,FALSE) -> 1600 | AU71: =AS71-AN71 -> 67013 | AV71: =AU71-AP71 -> -111061 | AW71: =AT71-AO71 -> 0 | AX71: =VLOOKUP($AF71,'251017'!$A$1:$M$200,4,FALSE) -> 670343 | AY71: =VLOOKUP($AF71,'251017'!$A$1:$M$200,5,FALSE) -> 1600 | AZ71: =AX71-AS71 -> 190547 | BA71: =AZ71-AU71 -> 123534 | BB71: =AY71-AT71 -> 0 | BC71: =VLOOKUP($AF71,'251018'!$A$1:$M$200,4,FALSE) -> 922316 | BD71: =VLOOKUP($AF71,'251018'!$A$1:$M$200,5,FALSE) -> 1600 | BE71: =BC71-AX71 -> 251973 | BF71: =BE71-AZ71 -> 61426 | BG71: =BD71-AY71 -> 0 | BH71: =VLOOKUP($AF71,'251018'!$A$1:$M$200,4,FALSE) -> 922316
B72: 株미아핑 | C72: =VLOOKUP($B72,'251008_0시'!$A$1:$M$200,4,FALSE) -> 249409 | D72: =VLOOKUP($B72,'251008_0시'!$A$1:$M$200,5,FALSE) -> 0 | E72: =VLOOKUP($B72,'251009_0시'!$A$1:$M$200,4,FALSE) -> 403820 | F72: =VLOOKUP($B72,'251009_0시'!$A$1:$M$200,5,FALSE) -> 0 | G72: =E72-C72 -> 154411 | H72: =G72-(C72/2) -> 29706.5 | I72: =F72-D72 -> 0 | J72: =VLOOKUP($B72,'251010_0시'!$A$1:$M$200,4,FALSE) -> 550596 | K72: =VLOOKUP($B72,'251010_0시'!$A$1:$M$200,5,FALSE) -> 0 | L72: =J72-E72 -> 146776 | M72: =L72-G72 -> -7635 | N72: =K72-F72 -> 0 | O72: =VLOOKUP($B72,'251011_0시'!$A$1:$M$200,4,FALSE) -> 704124 | P72: =VLOOKUP($B72,'251011_0시'!$A$1:$M$200,5,FALSE) -> 350 | Q72: =O72-J72 -> 153528 | R72: =Q72-L72 -> 6752 | S72: =P72-K72 -> 350 | T72: =VLOOKUP($B72,'251012_0시'!$A$1:$M$200,4,FALSE) -> 848244 | U72: =VLOOKUP($B72,'251012_0시'!$A$1:$M$200,5,FALSE) -> 350 | V72: =T72-O72 -> 144120 | W72: =V72-Q72 -> -9408 | X72: =U72-P72 -> 0 | Y72: =VLOOKUP($B72,'251013_0시'!$A$1:$M$200,4,FALSE) -> 1005938 | Z72: =VLOOKUP($B72,'251013_0시'!$A$1:$M$200,5,FALSE) -> 350 | AA72: =Y72-T72 -> 157694 | AB72: =AA72-V72 -> 13574 | AC72: =Z72-U72 -> 0 | AD72: =VLOOKUP($B72,'251013_0시'!$A$1:$M$200,4,FALSE) -> 1005938 | AF72: 凵스낵면 | AG72: =VLOOKUP($AF72,'251013'!$A$1:$M$200,4,FALSE) -> 139751 | AH72: =VLOOKUP($AF72,'251013'!$A$1:$M$200,5,FALSE) -> 0 | AI72: =VLOOKUP($AF72,'251014'!$A$1:$M$200,4,FALSE) -> 285964 | AJ72: =VLOOKUP($AF72,'251014'!$A$1:$M$200,5,FALSE) -> 0 | AK72: =AI72-AG72 -> 146213 | AL72: =AK72-AG72 -> 6462 | AM72: =AJ72-AH72 -> 0 | AN72: =VLOOKUP($AF72,'251015'!$A$1:$M$200,4,FALSE) -> 416478 | AO72: =VLOOKUP($AF72,'251015'!$A$1:$M$200,5,FALSE) -> 0 | AP72: =AN72-AI72 -> 130514 | AQ72: =AP72-AK72 -> -15699 | AR72: =AO72-AJ72 -> 0 | AS72: =VLOOKUP($AF72,'251016'!$A$1:$M$200,4,FALSE) -> 595581 | AT72: =VLOOKUP($AF72,'251016'!$A$1:$M$200,5,FALSE) -> 0 | AU72: =AS72-AN72 -> 179103 | AV72: =AU72-AP72 -> 48589 | AW72: =AT72-AO72 -> 0 | AX72: =VLOOKUP($AF72,'251017'!$A$1:$M$200,4,FALSE) -> 764092 | AY72: =VLOOKUP($AF72,'251017'!$A$1:$M$200,5,FALSE) -> 0 | AZ72: =AX72-AS72 -> 168511 | BA72: =AZ72-AU72 -> -10592 | BB72: =AY72-AT72 -> 0 | BC72: =VLOOKUP($AF72,'251018'!$A$1:$M$200,4,FALSE) -> 915393 | BD72: =VLOOKUP($AF72,'251018'!$A$1:$M$200,5,FALSE) -> 350 | BE72: =BC72-AX72 -> 151301 | BF72: =BE72-AZ72 -> -17210 | BG72: =BD72-AY72 -> 350 | BH72: =VLOOKUP($AF72,'251018'!$A$1:$M$200,4,FALSE) -> 915393
A73: 컬러단 | B73: 커요미날 | C73: =VLOOKUP($B73,'251008_0시'!$A$1:$M$200,4,FALSE) -> 275127 | D73: =VLOOKUP($B73,'251008_0시'!$A$1:$M$200,5,FALSE) -> 0 | E73: =VLOOKUP($B73,'251009_0시'!$A$1:$M$200,4,FALSE) -> 399779 | F73: =VLOOKUP($B73,'251009_0시'!$A$1:$M$200,5,FALSE) -> 120 | G73: =E73-C73 -> 124652 | H73: =G73-(C73/2) -> -12911.5 | I73: =F73-D73 -> 120 | J73: =VLOOKUP($B73,'251010_0시'!$A$1:$M$200,4,FALSE) -> 583479 | K73: =VLOOKUP($B73,'251010_0시'!$A$1:$M$200,5,FALSE) -> 120 | L73: =J73-E73 -> 183700 | M73: =L73-G73 -> 59048 | N73: =K73-F73 -> 0 | O73: =VLOOKUP($B73,'251011_0시'!$A$1:$M$200,4,FALSE) -> 708100 | P73: =VLOOKUP($B73,'251011_0시'!$A$1:$M$200,5,FALSE) -> 120 | Q73: =O73-J73 -> 124621 | R73: =Q73-L73 -> -59079 | S73: =P73-K73 -> 0 | T73: =VLOOKUP($B73,'251012_0시'!$A$1:$M$200,4,FALSE) -> 847543 | U73: =VLOOKUP($B73,'251012_0시'!$A$1:$M$200,5,FALSE) -> 120 | V73: =T73-O73 -> 139443 | W73: =V73-Q73 -> 14822 | X73: =U73-P73 -> 0 | Y73: =VLOOKUP($B73,'251013_0시'!$A$1:$M$200,4,FALSE) -> 999513 | Z73: =VLOOKUP($B73,'251013_0시'!$A$1:$M$200,5,FALSE) -> 170 | AA73: =Y73-T73 -> 151970 | AB73: =AA73-V73 -> 12527 | AC73: =Z73-U73 -> 50 | AD73: =VLOOKUP($B73,'251013_0시'!$A$1:$M$200,4,FALSE) -> 999513 | AF73: 흰두광 | AG73: =VLOOKUP($AF73,'251013'!$A$1:$M$200,4,FALSE) -> 108550 | AH73: =VLOOKUP($AF73,'251013'!$A$1:$M$200,5,FALSE) -> 202 | AI73: =VLOOKUP($AF73,'251014'!$A$1:$M$200,4,FALSE) -> 264535 | AJ73: =VLOOKUP($AF73,'251014'!$A$1:$M$200,5,FALSE) -> 202 | AK73: =AI73-AG73 -> 155985 | AL73: =AK73-AG73 -> 47435 | AM73: =AJ73-AH73 -> 0 | AN73: =VLOOKUP($AF73,'251015'!$A$1:$M$200,4,FALSE) -> 410317 | AO73: =VLOOKUP($AF73,'251015'!$A$1:$M$200,5,FALSE) -> 202 | AP73: =AN73-AI73 -> 145782 | AQ73: =AP73-AK73 -> -10203 | AR73: =AO73-AJ73 -> 0 | AS73: =VLOOKUP($AF73,'251016'!$A$1:$M$200,4,FALSE) -> 580703 | AT73: =VLOOKUP($AF73,'251016'!$A$1:$M$200,5,FALSE) -> 202 | AU73: =AS73-AN73 -> 170386 | AV73: =AU73-AP73 -> 24604 | AW73: =AT73-AO73 -> 0 | AX73: =VLOOKUP($AF73,'251017'!$A$1:$M$200,4,FALSE) -> 766105 | AY73: =VLOOKUP($AF73,'251017'!$A$1:$M$200,5,FALSE) -> 202 | AZ73: =AX73-AS73 -> 185402 | BA73: =AZ73-AU73 -> 15016 | BB73: =AY73-AT73 -> 0 | BC73: =VLOOKUP($AF73,'251018'!$A$1:$M$200,4,FALSE) -> 898791 | BD73: =VLOOKUP($AF73,'251018'!$A$1:$M$200,5,FALSE) -> 202 | BE73: =BC73-AX73 -> 132686 | BF73: =BE73-AZ73 -> -52716 | BG73: =BD73-AY73 -> 0 | BH73: =VLOOKUP($AF73,'251018'!$A$1:$M$200,4,FALSE) -> 898791
B74: 羊흑펭귄 | C74: =VLOOKUP($B74,'251008_0시'!$A$1:$M$200,4,FALSE) -> 284648 | D74: =VLOOKUP($B74,'251008_0시'!$A$1:$M$200,5,FALSE) -> 0 | E74: =VLOOKUP($B74,'251009_0시'!$A$1:$M$200,4,FALSE) -> 425037 | F74: =VLOOKUP($B74,'251009_0시'!$A$1:$M$200,5,FALSE) -> 350 | G74: =E74-C74 -> 140389 | H74: =G74-(C74/2) -> -1935 | I74: =F74-D74 -> 350 | J74: =VLOOKUP($B74,'251010_0시'!$A$1:$M$200,4,FALSE) -> 602500 | K74: =VLOOKUP($B74,'251010_0시'!$A$1:$M$200,5,FALSE) -> 3238 | L74: =J74-E74 -> 177463 | M74: =L74-G74 -> 37074 | N74: =K74-F74 -> 2888 | O74: =VLOOKUP($B74,'251011_0시'!$A$1:$M$200,4,FALSE) -> 715151 | P74: =VLOOKUP($B74,'251011_0시'!$A$1:$M$200,5,FALSE) -> 3238 | Q74: =O74-J74 -> 112651 | R74: =Q74-L74 -> -64812 | S74: =P74-K74 -> 0 | T74: =VLOOKUP($B74,'251012_0시'!$A$1:$M$200,4,FALSE) -> 870024 | U74: =VLOOKUP($B74,'251012_0시'!$A$1:$M$200,5,FALSE) -> 3238 | V74: =T74-O74 -> 154873 | W74: =V74-Q74 -> 42222 | X74: =U74-P74 -> 0 | Y74: =VLOOKUP($B74,'251013_0시'!$A$1:$M$200,4,FALSE) -> 995275 | Z74: =VLOOKUP($B74,'251013_0시'!$A$1:$M$200,5,FALSE) -> 3238 | AA74: =Y74-T74 -> 125251 | AB74: =AA74-V74 -> -29622 | AC74: =Z74-U74 -> 0 | AD74: =VLOOKUP($B74,'251013_0시'!$A$1:$M$200,4,FALSE) -> 995275 | AF74: 株광호제 | AG74: =VLOOKUP($AF74,'251013'!$A$1:$M$200,4,FALSE) -> 152496 | AH74: =VLOOKUP($AF74,'251013'!$A$1:$M$200,5,FALSE) -> 101 | AI74: =VLOOKUP($AF74,'251014'!$A$1:$M$200,4,FALSE) -> 290450 | AJ74: =VLOOKUP($AF74,'251014'!$A$1:$M$200,5,FALSE) -> 101 | AK74: =AI74-AG74 -> 137954 | AL74: =AK74-AG74 -> -14542 | AM74: =AJ74-AH74 -> 0 | AN74: =VLOOKUP($AF74,'251015'!$A$1:$M$200,4,FALSE) -> 421924 | AO74: =VLOOKUP($AF74,'251015'!$A$1:$M$200,5,FALSE) -> 101 | AP74: =AN74-AI74 -> 131474 | AQ74: =AP74-AK74 -> -6480 | AR74: =AO74-AJ74 -> 0 | AS74: =VLOOKUP($AF74,'251016'!$A$1:$M$200,4,FALSE) -> 532066 | AT74: =VLOOKUP($AF74,'251016'!$A$1:$M$200,5,FALSE) -> 101 | AU74: =AS74-AN74 -> 110142 | AV74: =AU74-AP74 -> -21332 | AW74: =AT74-AO74 -> 0 | AX74: =VLOOKUP($AF74,'251017'!$A$1:$M$200,4,FALSE) -> 706605 | AY74: =VLOOKUP($AF74,'251017'!$A$1:$M$200,5,FALSE) -> 101 | AZ74: =AX74-AS74 -> 174539 | BA74: =AZ74-AU74 -> 64397 | BB74: =AY74-AT74 -> 0 | BC74: =VLOOKUP($AF74,'251018'!$A$1:$M$200,4,FALSE) -> 892835 | BD74: =VLOOKUP($AF74,'251018'!$A$1:$M$200,5,FALSE) -> 101 | BE74: =BC74-AX74 -> 186230 | BF74: =BE74-AZ74 -> 11691 | BG74: =BD74-AY74 -> 0 | BH74: =VLOOKUP($AF74,'251018'!$A$1:$M$200,4,FALSE) -> 892835
B75: 株광호제 | C75: =VLOOKUP($B75,'251008_0시'!$A$1:$M$200,4,FALSE) -> 268681 | D75: =VLOOKUP($B75,'251008_0시'!$A$1:$M$200,5,FALSE) -> 0 | E75: =VLOOKUP($B75,'251009_0시'!$A$1:$M$200,4,FALSE) -> 432954 | F75: =VLOOKUP($B75,'251009_0시'!$A$1:$M$200,5,FALSE) -> 50 | G75: =E75-C75 -> 164273 | H75: =G75-(C75/2) -> 29932.5 | I75: =F75-D75 -> 50 | J75: =VLOOKUP($B75,'251010_0시'!$A$1:$M$200,4,FALSE) -> 561329 | K75: =VLOOKUP($B75,'251010_0시'!$A$1:$M$200,5,FALSE) -> 50 | L75: =J75-E75 -> 128375 | M75: =L75-G75 -> -35898 | N75: =K75-F75 -> 0 | O75: =VLOOKUP($B75,'251011_0시'!$A$1:$M$200,4,FALSE) -> 695938 | P75: =VLOOKUP($B75,'251011_0시'!$A$1:$M$200,5,FALSE) -> 50 | Q75: =O75-J75 -> 134609 | R75: =Q75-L75 -> 6234 | S75: =P75-K75 -> 0 | T75: =VLOOKUP($B75,'251012_0시'!$A$1:$M$200,4,FALSE) -> 843500 | U75: =VLOOKUP($B75,'251012_0시'!$A$1:$M$200,5,FALSE) -> 50 | V75: =T75-O75 -> 147562 | W75: =V75-Q75 -> 12953 | X75: =U75-P75 -> 0 | Y75: =VLOOKUP($B75,'251013_0시'!$A$1:$M$200,4,FALSE) -> 987109 | Z75: =VLOOKUP($B75,'251013_0시'!$A$1:$M$200,5,FALSE) -> 135 | AA75: =Y75-T75 -> 143609 | AB75: =AA75-V75 -> -3953 | AC75: =Z75-U75 -> 85 | AD75: =VLOOKUP($B75,'251013_0시'!$A$1:$M$200,4,FALSE) -> 987109 | AF75: 株무케 | AG75: =VLOOKUP($AF75,'251013'!$A$1:$M$200,4,FALSE) -> 136188 | AH75: =VLOOKUP($AF75,'251013'!$A$1:$M$200,5,FALSE) -> 0 | AI75: =VLOOKUP($AF75,'251014'!$A$1:$M$200,4,FALSE) -> 246797 | AJ75: =VLOOKUP($AF75,'251014'!$A$1:$M$200,5,FALSE) -> 700 | AK75: =AI75-AG75 -> 110609 | AL75: =AK75-AG75 -> -25579 | AM75: =AJ75-AH75 -> 700 | AN75: =VLOOKUP($AF75,'251015'!$A$1:$M$200,4,FALSE) -> 374717 | AO75: =VLOOKUP($AF75,'251015'!$A$1:$M$200,5,FALSE) -> 1050 | AP75: =AN75-AI75 -> 127920 | AQ75: =AP75-AK75 -> 17311 | AR75: =AO75-AJ75 -> 350 | AS75: =VLOOKUP($AF75,'251016'!$A$1:$M$200,4,FALSE) -> 432878 | AT75: =VLOOKUP($AF75,'251016'!$A$1:$M$200,5,FALSE) -> 1050 | AU75: =AS75-AN75 -> 58161 | AV75: =AU75-AP75 -> -69759 | AW75: =AT75-AO75 -> 0 | AX75: =VLOOKUP($AF75,'251017'!$A$1:$M$200,4,FALSE) -> 624916 | AY75: =VLOOKUP($AF75,'251017'!$A$1:$M$200,5,FALSE) -> 1050 | AZ75: =AX75-AS75 -> 192038 | BA75: =AZ75-AU75 -> 133877 | BB75: =AY75-AT75 -> 0 | BC75: =VLOOKUP($AF75,'251018'!$A$1:$M$200,4,FALSE) -> 890674 | BD75: =VLOOKUP($AF75,'251018'!$A$1:$M$200,5,FALSE) -> 1750 | BE75: =BC75-AX75 -> 265758 | BF75: =BE75-AZ75 -> 73720 | BG75: =BD75-AY75 -> 700 | BH75: =VLOOKUP($AF75,'251018'!$A$1:$M$200,4,FALSE) -> 890674
B76: 凵신라면 | C76: =VLOOKUP($B76,'251008_0시'!$A$1:$M$200,4,FALSE) -> 294810 | D76: =VLOOKUP($B76,'251008_0시'!$A$1:$M$200,5,FALSE) -> 0 | E76: =VLOOKUP($B76,'251009_0시'!$A$1:$M$200,4,FALSE) -> 419350 | F76: =VLOOKUP($B76,'251009_0시'!$A$1:$M$200,5,FALSE) -> 0 | G76: =E76-C76 -> 124540 | H76: =G76-(C76/2) -> -22865 | I76: =F76-D76 -> 0 | J76: =VLOOKUP($B76,'251010_0시'!$A$1:$M$200,4,FALSE) -> 554123 | K76: =VLOOKUP($B76,'251010_0시'!$A$1:$M$200,5,FALSE) -> 50 | L76: =J76-E76 -> 134773 | M76: =L76-G76 -> 10233 | N76: =K76-F76 -> 50 | O76: =VLOOKUP($B76,'251011_0시'!$A$1:$M$200,4,FALSE) -> 695613 | P76: =VLOOKUP($B76,'251011_0시'!$A$1:$M$200,5,FALSE) -> 50 | Q76: =O76-J76 -> 141490 | R76: =Q76-L76 -> 6717 | S76: =P76-K76 -> 0 | T76: =VLOOKUP($B76,'251012_0시'!$A$1:$M$200,4,FALSE) -> 828437 | U76: =VLOOKUP($B76,'251012_0시'!$A$1:$M$200,5,FALSE) -> 550 | V76: =T76-O76 -> 132824 | W76: =V76-Q76 -> -8666 | X76: =U76-P76 -> 500 | Y76: =VLOOKUP($B76,'251013_0시'!$A$1:$M$200,4,FALSE) -> 983080 | Z76: =VLOOKUP($B76,'251013_0시'!$A$1:$M$200,5,FALSE) -> 950 | AA76: =Y76-T76 -> 154643 | AB76: =AA76-V76 -> 21819 | AC76: =Z76-U76 -> 400 | AD76: =VLOOKUP($B76,'251013_0시'!$A$1:$M$200,4,FALSE) -> 983080 | AF76: 羊흑펭귄 | AG76: =VLOOKUP($AF76,'251013'!$A$1:$M$200,4,FALSE) -> 130185 | AH76: =VLOOKUP($AF76,'251013'!$A$1:$M$200,5,FALSE) -> 573 | AI76: =VLOOKUP($AF76,'251014'!$A$1:$M$200,4,FALSE) -> 266030 | AJ76: =VLOOKUP($AF76,'251014'!$A$1:$M$200,5,FALSE) -> 573 | AK76: =AI76-AG76 -> 135845 | AL76: =AK76-AG76 -> 5660 | AM76: =AJ76-AH76 -> 0 | AN76: =VLOOKUP($AF76,'251015'!$A$1:$M$200,4,FALSE) -> 398039 | AO76: =VLOOKUP($AF76,'251015'!$A$1:$M$200,5,FALSE) -> 573 | AP76: =AN76-AI76 -> 132009 | AQ76: =AP76-AK76 -> -3836 | AR76: =AO76-AJ76 -> 0 | AS76: =VLOOKUP($AF76,'251016'!$A$1:$M$200,4,FALSE) -> 544743 | AT76: =VLOOKUP($AF76,'251016'!$A$1:$M$200,5,FALSE) -> 573 | AU76: =AS76-AN76 -> 146704 | AV76: =AU76-AP76 -> 14695 | AW76: =AT76-AO76 -> 0 | AX76: =VLOOKUP($AF76,'251017'!$A$1:$M$200,4,FALSE) -> 676560 | AY76: =VLOOKUP($AF76,'251017'!$A$1:$M$200,5,FALSE) -> 674 | AZ76: =AX76-AS76 -> 131817 | BA76: =AZ76-AU76 -> -14887 | BB76: =AY76-AT76 -> 101 | BC76: =VLOOKUP($AF76,'251018'!$A$1:$M$200,4,FALSE) -> 887369 | BD76: =VLOOKUP($AF76,'251018'!$A$1:$M$200,5,FALSE) -> 1574 | BE76: =BC76-AX76 -> 210809 | BF76: =BE76-AZ76 -> 78992 | BG76: =BD76-AY76 -> 900 | BH76: =VLOOKUP($AF76,'251018'!$A$1:$M$200,4,FALSE) -> 887369
B77: 羊그루 | C77: =VLOOKUP($B77,'251008_0시'!$A$1:$M$200,4,FALSE) -> 294186 | D77: =VLOOKUP($B77,'251008_0시'!$A$1:$M$200,5,FALSE) -> 350 | E77: =VLOOKUP($B77,'251009_0시'!$A$1:$M$200,4,FALSE) -> 448052 | F77: =VLOOKUP($B77,'251009_0시'!$A$1:$M$200,5,FALSE) -> 350 | G77: =E77-C77 -> 153866 | H77: =G77-(C77/2) -> 6773 | I77: =F77-D77 -> 0 | J77: =VLOOKUP($B77,'251010_0시'!$A$1:$M$200,4,FALSE) -> 575640 | K77: =VLOOKUP($B77,'251010_0시'!$A$1:$M$200,5,FALSE) -> 936 | L77: =J77-E77 -> 127588 | M77: =L77-G77 -> -26278 | N77: =K77-F77 -> 586 | O77: =VLOOKUP($B77,'251011_0시'!$A$1:$M$200,4,FALSE) -> 735982 | P77: =VLOOKUP($B77,'251011_0시'!$A$1:$M$200,5,FALSE) -> 1286 | Q77: =O77-J77 -> 160342 | R77: =Q77-L77 -> 32754 | S77: =P77-K77 -> 350 | T77: =VLOOKUP($B77,'251012_0시'!$A$1:$M$200,4,FALSE) -> 858313 | U77: =VLOOKUP($B77,'251012_0시'!$A$1:$M$200,5,FALSE) -> 1839 | V77: =T77-O77 -> 122331 | W77: =V77-Q77 -> -38011 | X77: =U77-P77 -> 553 | Y77: =VLOOKUP($B77,'251013_0시'!$A$1:$M$200,4,FALSE) -> 982360 | Z77: =VLOOKUP($B77,'251013_0시'!$A$1:$M$200,5,FALSE) -> 2138 | AA77: =Y77-T77 -> 124047 | AB77: =AA77-V77 -> 1716 | AC77: =Z77-U77 -> 299 | AD77: =VLOOKUP($B77,'251013_0시'!$A$1:$M$200,4,FALSE) -> 982360 | AF77: 羊개미는뚠뚠 | AG77: =VLOOKUP($AF77,'251013'!$A$1:$M$200,4,FALSE) -> 129186 | AH77: =VLOOKUP($AF77,'251013'!$A$1:$M$200,5,FALSE) -> 50 | AI77: =VLOOKUP($AF77,'251014'!$A$1:$M$200,4,FALSE) -> 214241 | AJ77: =VLOOKUP($AF77,'251014'!$A$1:$M$200,5,FALSE) -> 2300 | AK77: =AI77-AG77 -> 85055 | AL77: =AK77-AG77 -> -44131 | AM77: =AJ77-AH77 -> 2250 | AN77: =VLOOKUP($AF77,'251015'!$A$1:$M$200,4,FALSE) -> 356484 | AO77: =VLOOKUP($AF77,'251015'!$A$1:$M$200,5,FALSE) -> 9500 | AP77: =AN77-AI77 -> 142243 | AQ77: =AP77-AK77 -> 57188 | AR77: =AO77-AJ77 -> 7200 | AS77: =VLOOKUP($AF77,'251016'!$A$1:$M$200,4,FALSE) -> 536380 | AT77: =VLOOKUP($AF77,'251016'!$A$1:$M$200,5,FALSE) -> 12650 | AU77: =AS77-AN77 -> 179896 | AV77: =AU77-AP77 -> 37653 | AW77: =AT77-AO77 -> 3150 | AX77: =VLOOKUP($AF77,'251017'!$A$1:$M$200,4,FALSE) -> 707726 | AY77: =VLOOKUP($AF77,'251017'!$A$1:$M$200,5,FALSE) -> 17600 | AZ77: =AX77-AS77 -> 171346 | BA77: =AZ77-AU77 -> -8550 | BB77: =AY77-AT77 -> 4950 | BC77: =VLOOKUP($AF77,'251018'!$A$1:$M$200,4,FALSE) -> 886152 | BD77: =VLOOKUP($AF77,'251018'!$A$1:$M$200,5,FALSE) -> 17600 | BE77: =BC77-AX77 -> 178426 | BF77: =BE77-AZ77 -> 7080 | BG77: =BD77-AY77 -> 0 | BH77: =VLOOKUP($AF77,'251018'!$A$1:$M$200,4,FALSE) -> 886152
B78: 羊열하 | C78: =VLOOKUP($B78,'251008_0시'!$A$1:$M$200,4,FALSE) -> 284079 | D78: =VLOOKUP($B78,'251008_0시'!$A$1:$M$200,5,FALSE) -> 0 | E78: =VLOOKUP($B78,'251009_0시'!$A$1:$M$200,4,FALSE) -> 408974 | F78: =VLOOKUP($B78,'251009_0시'!$A$1:$M$200,5,FALSE) -> 0 | G78: =E78-C78 -> 124895 | H78: =G78-(C78/2) -> -17144.5 | I78: =F78-D78 -> 0 | J78: =VLOOKUP($B78,'251010_0시'!$A$1:$M$200,4,FALSE) -> 549678 | K78: =VLOOKUP($B78,'251010_0시'!$A$1:$M$200,5,FALSE) -> 0 | L78: =J78-E78 -> 140704 | M78: =L78-G78 -> 15809 | N78: =K78-F78 -> 0 | O78: =VLOOKUP($B78,'251011_0시'!$A$1:$M$200,4,FALSE) -> 728871 | P78: =VLOOKUP($B78,'251011_0시'!$A$1:$M$200,5,FALSE) -> 100 | Q78: =O78-J78 -> 179193 | R78: =Q78-L78 -> 38489 | S78: =P78-K78 -> 100 | T78: =VLOOKUP($B78,'251012_0시'!$A$1:$M$200,4,FALSE) -> 839532 | U78: =VLOOKUP($B78,'251012_0시'!$A$1:$M$200,5,FALSE) -> 100 | V78: =T78-O78 -> 110661 | W78: =V78-Q78 -> -68532 | X78: =U78-P78 -> 0 | Y78: =VLOOKUP($B78,'251013_0시'!$A$1:$M$200,4,FALSE) -> 981216 | Z78: =VLOOKUP($B78,'251013_0시'!$A$1:$M$200,5,FALSE) -> 100 | AA78: =Y78-T78 -> 141684 | AB78: =AA78-V78 -> 31023 | AC78: =Z78-U78 -> 0 | AD78: =VLOOKUP($B78,'251013_0시'!$A$1:$M$200,4,FALSE) -> 981216 | AF78: 必악몽乂 | AG78: =VLOOKUP($AF78,'251013'!$A$1:$M$200,4,FALSE) -> 143319 | AH78: =VLOOKUP($AF78,'251013'!$A$1:$M$200,5,FALSE) -> 120 | AI78: =VLOOKUP($AF78,'251014'!$A$1:$M$200,4,FALSE) -> 246341 | AJ78: =VLOOKUP($AF78,'251014'!$A$1:$M$200,5,FALSE) -> 120 | AK78: =AI78-AG78 -> 103022 | AL78: =AK78-AG78 -> -40297 | AM78: =AJ78-AH78 -> 0 | AN78: =VLOOKUP($AF78,'251015'!$A$1:$M$200,4,FALSE) -> 400638 | AO78: =VLOOKUP($AF78,'251015'!$A$1:$M$200,5,FALSE) -> 170 | AP78: =AN78-AI78 -> 154297 | AQ78: =AP78-AK78 -> 51275 | AR78: =AO78-AJ78 -> 50 | AS78: =VLOOKUP($AF78,'251016'!$A$1:$M$200,4,FALSE) -> 551047 | AT78: =VLOOKUP($AF78,'251016'!$A$1:$M$200,5,FALSE) -> 170 | AU78: =AS78-AN78 -> 150409 | AV78: =AU78-AP78 -> -3888 | AW78: =AT78-AO78 -> 0 | AX78: =VLOOKUP($AF78,'251017'!$A$1:$M$200,4,FALSE) -> 662013 | AY78: =VLOOKUP($AF78,'251017'!$A$1:$M$200,5,FALSE) -> 170 | AZ78: =AX78-AS78 -> 110966 | BA78: =AZ78-AU78 -> -39443 | BB78: =AY78-AT78 -> 0 | BC78: =VLOOKUP($AF78,'251018'!$A$1:$M$200,4,FALSE) -> 874929 | BD78: =VLOOKUP($AF78,'251018'!$A$1:$M$200,5,FALSE) -> 170 | BE78: =BC78-AX78 -> 212916 | BF78: =BE78-AZ78 -> 101950 | BG78: =BD78-AY78 -> 0 | BH78: =VLOOKUP($AF78,'251018'!$A$1:$M$200,4,FALSE) -> 874929
B79: 羊마속丷 | C79: =VLOOKUP($B79,'251008_0시'!$A$1:$M$200,4,FALSE) -> 240734 | D79: =VLOOKUP($B79,'251008_0시'!$A$1:$M$200,5,FALSE) -> 0 | E79: =VLOOKUP($B79,'251009_0시'!$A$1:$M$200,4,FALSE) -> 381386 | F79: =VLOOKUP($B79,'251009_0시'!$A$1:$M$200,5,FALSE) -> 90 | G79: =E79-C79 -> 140652 | H79: =G79-(C79/2) -> 20285 | I79: =F79-D79 -> 90 | J79: =VLOOKUP($B79,'251010_0시'!$A$1:$M$200,4,FALSE) -> 511348 | K79: =VLOOKUP($B79,'251010_0시'!$A$1:$M$200,5,FALSE) -> 778 | L79: =J79-E79 -> 129962 | M79: =L79-G79 -> -10690 | N79: =K79-F79 -> 688 | O79: =VLOOKUP($B79,'251011_0시'!$A$1:$M$200,4,FALSE) -> 652256 | P79: =VLOOKUP($B79,'251011_0시'!$A$1:$M$200,5,FALSE) -> 928 | Q79: =O79-J79 -> 140908 | R79: =Q79-L79 -> 10946 | S79: =P79-K79 -> 150 | T79: =VLOOKUP($B79,'251012_0시'!$A$1:$M$200,4,FALSE) -> 826383 | U79: =VLOOKUP($B79,'251012_0시'!$A$1:$M$200,5,FALSE) -> 3774 | V79: =T79-O79 -> 174127 | W79: =V79-Q79 -> 33219 | X79: =U79-P79 -> 2846 | Y79: =VLOOKUP($B79,'251013_0시'!$A$1:$M$200,4,FALSE) -> 965932 | Z79: =VLOOKUP($B79,'251013_0시'!$A$1:$M$200,5,FALSE) -> 4662 | AA79: =Y79-T79 -> 139549 | AB79: =AA79-V79 -> -34578 | AC79: =Z79-U79 -> 888 | AD79: =VLOOKUP($B79,'251013_0시'!$A$1:$M$200,4,FALSE) -> 965932 | AF79: 마량丷 | AG79: =VLOOKUP($AF79,'251013'!$A$1:$M$200,4,FALSE) -> 134054 | AH79: =VLOOKUP($AF79,'251013'!$A$1:$M$200,5,FALSE) -> 0 | AI79: =VLOOKUP($AF79,'251014'!$A$1:$M$200,4,FALSE) -> 281395 | AJ79: =VLOOKUP($AF79,'251014'!$A$1:$M$200,5,FALSE) -> 0 | AK79: =AI79-AG79 -> 147341 | AL79: =AK79-AG79 -> 13287 | AM79: =AJ79-AH79 -> 0 | AN79: =VLOOKUP($AF79,'251015'!$A$1:$M$200,4,FALSE) -> 373511 | AO79: =VLOOKUP($AF79,'251015'!$A$1:$M$200,5,FALSE) -> 0 | AP79: =AN79-AI79 -> 92116 | AQ79: =AP79-AK79 -> -55225 | AR79: =AO79-AJ79 -> 0 | AS79: =VLOOKUP($AF79,'251016'!$A$1:$M$200,4,FALSE) -> 510003 | AT79: =VLOOKUP($AF79,'251016'!$A$1:$M$200,5,FALSE) -> 0 | AU79: =AS79-AN79 -> 136492 | AV79: =AU79-AP79 -> 44376 | AW79: =AT79-AO79 -> 0 | AX79: =VLOOKUP($AF79,'251017'!$A$1:$M$200,4,FALSE) -> 726872 | AY79: =VLOOKUP($AF79,'251017'!$A$1:$M$200,5,FALSE) -> 0 | AZ79: =AX79-AS79 -> 216869 | BA79: =AZ79-AU79 -> 80377 | BB79: =AY79-AT79 -> 0 | BC79: =VLOOKUP($AF79,'251018'!$A$1:$M$200,4,FALSE) -> 868779 | BD79: =VLOOKUP($AF79,'251018'!$A$1:$M$200,5,FALSE) -> 0 | BE79: =BC79-AX79 -> 141907 | BF79: =BE79-AZ79 -> -74962 | BG79: =BD79-AY79 -> 0 | BH79: =VLOOKUP($AF79,'251018'!$A$1:$M$200,4,FALSE) -> 868779
B80: 흰두광 | C80: =VLOOKUP($B80,'251008_0시'!$A$1:$M$200,4,FALSE) -> 241686 | D80: =VLOOKUP($B80,'251008_0시'!$A$1:$M$200,5,FALSE) -> 0 | E80: =VLOOKUP($B80,'251009_0시'!$A$1:$M$200,4,FALSE) -> 401542 | F80: =VLOOKUP($B80,'251009_0시'!$A$1:$M$200,5,FALSE) -> 350 | G80: =E80-C80 -> 159856 | H80: =G80-(C80/2) -> 39013 | I80: =F80-D80 -> 350 | J80: =VLOOKUP($B80,'251010_0시'!$A$1:$M$200,4,FALSE) -> 545377 | K80: =VLOOKUP($B80,'251010_0시'!$A$1:$M$200,5,FALSE) -> 350 | L80: =J80-E80 -> 143835 | M80: =L80-G80 -> -16021 | N80: =K80-F80 -> 0 | O80: =VLOOKUP($B80,'251011_0시'!$A$1:$M$200,4,FALSE) -> 693297 | P80: =VLOOKUP($B80,'251011_0시'!$A$1:$M$200,5,FALSE) -> 350 | Q80: =O80-J80 -> 147920 | R80: =Q80-L80 -> 4085 | S80: =P80-K80 -> 0 | T80: =VLOOKUP($B80,'251012_0시'!$A$1:$M$200,4,FALSE) -> 838258 | U80: =VLOOKUP($B80,'251012_0시'!$A$1:$M$200,5,FALSE) -> 350 | V80: =T80-O80 -> 144961 | W80: =V80-Q80 -> -2959 | X80: =U80-P80 -> 0 | Y80: =VLOOKUP($B80,'251013_0시'!$A$1:$M$200,4,FALSE) -> 960998 | Z80: =VLOOKUP($B80,'251013_0시'!$A$1:$M$200,5,FALSE) -> 350 | AA80: =Y80-T80 -> 122740 | AB80: =AA80-V80 -> -22221 | AC80: =Z80-U80 -> 0 | AD80: =VLOOKUP($B80,'251013_0시'!$A$1:$M$200,4,FALSE) -> 960998 | AF80: 株성룡 | AG80: =VLOOKUP($AF80,'251013'!$A$1:$M$200,4,FALSE) -> 128757 | AH80: =VLOOKUP($AF80,'251013'!$A$1:$M$200,5,FALSE) -> 4950 | AI80: =VLOOKUP($AF80,'251014'!$A$1:$M$200,4,FALSE) -> 270182 | AJ80: =VLOOKUP($AF80,'251014'!$A$1:$M$200,5,FALSE) -> 9000 | AK80: =AI80-AG80 -> 141425 | AL80: =AK80-AG80 -> 12668 | AM80: =AJ80-AH80 -> 4050 | AN80: =VLOOKUP($AF80,'251015'!$A$1:$M$200,4,FALSE) -> 414569 | AO80: =VLOOKUP($AF80,'251015'!$A$1:$M$200,5,FALSE) -> 10800 | AP80: =AN80-AI80 -> 144387 | AQ80: =AP80-AK80 -> 2962 | AR80: =AO80-AJ80 -> 1800 | AS80: =VLOOKUP($AF80,'251016'!$A$1:$M$200,4,FALSE) -> 513885 | AT80: =VLOOKUP($AF80,'251016'!$A$1:$M$200,5,FALSE) -> 13050 | AU80: =AS80-AN80 -> 99316 | AV80: =AU80-AP80 -> -45071 | AW80: =AT80-AO80 -> 2250 | AX80: =VLOOKUP($AF80,'251017'!$A$1:$M$200,4,FALSE) -> 672756 | AY80: =VLOOKUP($AF80,'251017'!$A$1:$M$200,5,FALSE) -> 13050 | AZ80: =AX80-AS80 -> 158871 | BA80: =AZ80-AU80 -> 59555 | BB80: =AY80-AT80 -> 0 | BC80: =VLOOKUP($AF80,'251018'!$A$1:$M$200,4,FALSE) -> 863239 | BD80: =VLOOKUP($AF80,'251018'!$A$1:$M$200,5,FALSE) -> 13950 | BE80: =BC80-AX80 -> 190483 | BF80: =BE80-AZ80 -> 31612 | BG80: =BD80-AY80 -> 900 | BH80: =VLOOKUP($AF80,'251018'!$A$1:$M$200,4,FALSE) -> 863239
B81: 羊마형 | C81: =VLOOKUP($B81,'251008_0시'!$A$1:$M$200,4,FALSE) -> 262438 | D81: =VLOOKUP($B81,'251008_0시'!$A$1:$M$200,5,FALSE) -> 0 | E81: =VLOOKUP($B81,'251009_0시'!$A$1:$M$200,4,FALSE) -> 419480 | F81: =VLOOKUP($B81,'251009_0시'!$A$1:$M$200,5,FALSE) -> 350 | G81: =E81-C81 -> 157042 | H81: =G81-(C81/2) -> 25823 | I81: =F81-D81 -> 350 | J81: =VLOOKUP($B81,'251010_0시'!$A$1:$M$200,4,FALSE) -> 555358 | K81: =VLOOKUP($B81,'251010_0시'!$A$1:$M$200,5,FALSE) -> 754 | L81: =J81-E81 -> 135878 | M81: =L81-G81 -> -21164 | N81: =K81-F81 -> 404 | O81: =VLOOKUP($B81,'251011_0시'!$A$1:$M$200,4,FALSE) -> 702077 | P81: =VLOOKUP($B81,'251011_0시'!$A$1:$M$200,5,FALSE) -> 754 | Q81: =O81-J81 -> 146719 | R81: =Q81-L81 -> 10841 | S81: =P81-K81 -> 0 | T81: =VLOOKUP($B81,'251012_0시'!$A$1:$M$200,4,FALSE) -> 814369 | U81: =VLOOKUP($B81,'251012_0시'!$A$1:$M$200,5,FALSE) -> 754 | V81: =T81-O81 -> 112292 | W81: =V81-Q81 -> -34427 | X81: =U81-P81 -> 0 | Y81: =VLOOKUP($B81,'251013_0시'!$A$1:$M$200,4,FALSE) -> 960754 | Z81: =VLOOKUP($B81,'251013_0시'!$A$1:$M$200,5,FALSE) -> 2604 | AA81: =Y81-T81 -> 146385 | AB81: =AA81-V81 -> 34093 | AC81: =Z81-U81 -> 1850 | AD81: =VLOOKUP($B81,'251013_0시'!$A$1:$M$200,4,FALSE) -> 960754 | AF81: 株sp슈손능 | AG81: =VLOOKUP($AF81,'251013'!$A$1:$M$200,4,FALSE) -> 148514 | AH81: =VLOOKUP($AF81,'251013'!$A$1:$M$200,5,FALSE) -> 0 | AI81: =VLOOKUP($AF81,'251014'!$A$1:$M$200,4,FALSE) -> 283987 | AJ81: =VLOOKUP($AF81,'251014'!$A$1:$M$200,5,FALSE) -> 0 | AK81: =AI81-AG81 -> 135473 | AL81: =AK81-AG81 -> -13041 | AM81: =AJ81-AH81 -> 0 | AN81: =VLOOKUP($AF81,'251015'!$A$1:$M$200,4,FALSE) -> 393188 | AO81: =VLOOKUP($AF81,'251015'!$A$1:$M$200,5,FALSE) -> 138 | AP81: =AN81-AI81 -> 109201 | AQ81: =AP81-AK81 -> -26272 | AR81: =AO81-AJ81 -> 138 | AS81: =VLOOKUP($AF81,'251016'!$A$1:$M$200,4,FALSE) -> 519674 | AT81: =VLOOKUP($AF81,'251016'!$A$1:$M$200,5,FALSE) -> 138 | AU81: =AS81-AN81 -> 126486 | AV81: =AU81-AP81 -> 17285 | AW81: =AT81-AO81 -> 0 | AX81: =VLOOKUP($AF81,'251017'!$A$1:$M$200,4,FALSE) -> 685707 | AY81: =VLOOKUP($AF81,'251017'!$A$1:$M$200,5,FALSE) -> 542 | AZ81: =AX81-AS81 -> 166033 | BA81: =AZ81-AU81 -> 39547 | BB81: =AY81-AT81 -> 404 | BC81: =VLOOKUP($AF81,'251018'!$A$1:$M$200,4,FALSE) -> 859965 | BD81: =VLOOKUP($AF81,'251018'!$A$1:$M$200,5,FALSE) -> 542 | BE81: =BC81-AX81 -> 174258 | BF81: =BE81-AZ81 -> 8225 | BG81: =BD81-AY81 -> 0 | BH81: =VLOOKUP($AF81,'251018'!$A$1:$M$200,4,FALSE) -> 859965
B82: 必리미 | C82: =VLOOKUP($B82,'251008_0시'!$A$1:$M$200,4,FALSE) -> 263158 | D82: =VLOOKUP($B82,'251008_0시'!$A$1:$M$200,5,FALSE) -> 400 | E82: =VLOOKUP($B82,'251009_0시'!$A$1:$M$200,4,FALSE) -> 403795 | F82: =VLOOKUP($B82,'251009_0시'!$A$1:$M$200,5,FALSE) -> 400 | G82: =E82-C82 -> 140637 | H82: =G82-(C82/2) -> 9058 | I82: =F82-D82 -> 0 | J82: =VLOOKUP($B82,'251010_0시'!$A$1:$M$200,4,FALSE) -> 570415 | K82: =VLOOKUP($B82,'251010_0시'!$A$1:$M$200,5,FALSE) -> 400 | L82: =J82-E82 -> 166620 | M82: =L82-G82 -> 25983 | N82: =K82-F82 -> 0 | O82: =VLOOKUP($B82,'251011_0시'!$A$1:$M$200,4,FALSE) -> 712443 | P82: =VLOOKUP($B82,'251011_0시'!$A$1:$M$200,5,FALSE) -> 400 | Q82: =O82-J82 -> 142028 | R82: =Q82-L82 -> -24592 | S82: =P82-K82 -> 0 | T82: =VLOOKUP($B82,'251012_0시'!$A$1:$M$200,4,FALSE) -> 836882 | U82: =VLOOKUP($B82,'251012_0시'!$A$1:$M$200,5,FALSE) -> 400 | V82: =T82-O82 -> 124439 | W82: =V82-Q82 -> -17589 | X82: =U82-P82 -> 0 | Y82: =VLOOKUP($B82,'251013_0시'!$A$1:$M$200,4,FALSE) -> 954325 | Z82: =VLOOKUP($B82,'251013_0시'!$A$1:$M$200,5,FALSE) -> 400 | AA82: =Y82-T82 -> 117443 | AB82: =AA82-V82 -> -6996 | AC82: =Z82-U82 -> 0 | AD82: =VLOOKUP($B82,'251013_0시'!$A$1:$M$200,4,FALSE) -> 954325 | AF82: 믿지마날 | AG82: =VLOOKUP($AF82,'251013'!$A$1:$M$200,4,FALSE) -> 108953 | AH82: =VLOOKUP($AF82,'251013'!$A$1:$M$200,5,FALSE) -> 5400 | AI82: =VLOOKUP($AF82,'251014'!$A$1:$M$200,4,FALSE) -> 232473 | AJ82: =VLOOKUP($AF82,'251014'!$A$1:$M$200,5,FALSE) -> 8100 | AK82: =AI82-AG82 -> 123520 | AL82: =AK82-AG82 -> 14567 | AM82: =AJ82-AH82 -> 2700 | AN82: =VLOOKUP($AF82,'251015'!$A$1:$M$200,4,FALSE) -> 422930 | AO82: =VLOOKUP($AF82,'251015'!$A$1:$M$200,5,FALSE) -> 11250 | AP82: =AN82-AI82 -> 190457 | AQ82: =AP82-AK82 -> 66937 | AR82: =AO82-AJ82 -> 3150 | AS82: =VLOOKUP($AF82,'251016'!$A$1:$M$200,4,FALSE) -> 532931 | AT82: =VLOOKUP($AF82,'251016'!$A$1:$M$200,5,FALSE) -> 14850 | AU82: =AS82-AN82 -> 110001 | AV82: =AU82-AP82 -> -80456 | AW82: =AT82-AO82 -> 3600 | AX82: =VLOOKUP($AF82,'251017'!$A$1:$M$200,4,FALSE) -> 692777 | AY82: =VLOOKUP($AF82,'251017'!$A$1:$M$200,5,FALSE) -> 18450 | AZ82: =AX82-AS82 -> 159846 | BA82: =AZ82-AU82 -> 49845 | BB82: =AY82-AT82 -> 3600 | BC82: =VLOOKUP($AF82,'251018'!$A$1:$M$200,4,FALSE) -> 855030 | BD82: =VLOOKUP($AF82,'251018'!$A$1:$M$200,5,FALSE) -> 18450 | BE82: =BC82-AX82 -> 162253 | BF82: =BE82-AZ82 -> 2407 | BG82: =BD82-AY82 -> 0 | BH82: =VLOOKUP($AF82,'251018'!$A$1:$M$200,4,FALSE) -> 855030
B83: 株sp슈손능 | C83: =VLOOKUP($B83,'251008_0시'!$A$1:$M$200,4,FALSE) -> 193013 | D83: =VLOOKUP($B83,'251008_0시'!$A$1:$M$200,5,FALSE) -> 0 | E83: =VLOOKUP($B83,'251009_0시'!$A$1:$M$200,4,FALSE) -> 336128 | F83: =VLOOKUP($B83,'251009_0시'!$A$1:$M$200,5,FALSE) -> 0 | G83: =E83-C83 -> 143115 | H83: =G83-(C83/2) -> 46608.5 | I83: =F83-D83 -> 0 | J83: =VLOOKUP($B83,'251010_0시'!$A$1:$M$200,4,FALSE) -> 451368 | K83: =VLOOKUP($B83,'251010_0시'!$A$1:$M$200,5,FALSE) -> 0 | L83: =J83-E83 -> 115240 | M83: =L83-G83 -> -27875 | N83: =K83-F83 -> 0 | O83: =VLOOKUP($B83,'251011_0시'!$A$1:$M$200,4,FALSE) -> 635413 | P83: =VLOOKUP($B83,'251011_0시'!$A$1:$M$200,5,FALSE) -> 0 | Q83: =O83-J83 -> 184045 | R83: =Q83-L83 -> 68805 | S83: =P83-K83 -> 0 | T83: =VLOOKUP($B83,'251012_0시'!$A$1:$M$200,4,FALSE) -> 796871 | U83: =VLOOKUP($B83,'251012_0시'!$A$1:$M$200,5,FALSE) -> 0 | V83: =T83-O83 -> 161458 | W83: =V83-Q83 -> -22587 | X83: =U83-P83 -> 0 | Y83: =VLOOKUP($B83,'251013_0시'!$A$1:$M$200,4,FALSE) -> 942548 | Z83: =VLOOKUP($B83,'251013_0시'!$A$1:$M$200,5,FALSE) -> 0 | AA83: =Y83-T83 -> 145677 | AB83: =AA83-V83 -> -15781 | AC83: =Z83-U83 -> 0 | AD83: =VLOOKUP($B83,'251013_0시'!$A$1:$M$200,4,FALSE) -> 942548 | AF83: 눈오는날 | AG83: =VLOOKUP($AF83,'251013'!$A$1:$M$200,4,FALSE) -> 131295 | AH83: =VLOOKUP($AF83,'251013'!$A$1:$M$200,5,FALSE) -> 0 | AI83: =VLOOKUP($AF83,'251014'!$A$1:$M$200,4,FALSE) -> 292352 | AJ83: =VLOOKUP($AF83,'251014'!$A$1:$M$200,5,FALSE) -> 0 | AK83: =AI83-AG83 -> 161057 | AL83: =AK83-AG83 -> 29762 | AM83: =AJ83-AH83 -> 0 | AN83: =VLOOKUP($AF83,'251015'!$A$1:$M$200,4,FALSE) -> 440766 | AO83: =VLOOKUP($AF83,'251015'!$A$1:$M$200,5,FALSE) -> 0 | AP83: =AN83-AI83 -> 148414 | AQ83: =AP83-AK83 -> -12643 | AR83: =AO83-AJ83 -> 0 | AS83: =VLOOKUP($AF83,'251016'!$A$1:$M$200,4,FALSE) -> 568327 | AT83: =VLOOKUP($AF83,'251016'!$A$1:$M$200,5,FALSE) -> 0 | AU83: =AS83-AN83 -> 127561 | AV83: =AU83-AP83 -> -20853 | AW83: =AT83-AO83 -> 0 | AX83: =VLOOKUP($AF83,'251017'!$A$1:$M$200,4,FALSE) -> 704812 | AY83: =VLOOKUP($AF83,'251017'!$A$1:$M$200,5,FALSE) -> 0 | AZ83: =AX83-AS83 -> 136485 | BA83: =AZ83-AU83 -> 8924 | BB83: =AY83-AT83 -> 0 | BC83: =VLOOKUP($AF83,'251018'!$A$1:$M$200,4,FALSE) -> 854123 | BD83: =VLOOKUP($AF83,'251018'!$A$1:$M$200,5,FALSE) -> 0 | BE83: =BC83-AX83 -> 149311 | BF83: =BE83-AZ83 -> 12826 | BG83: =BD83-AY83 -> 0 | BH83: =VLOOKUP($AF83,'251018'!$A$1:$M$200,4,FALSE) -> 854123
